date,company,trips,wait_p50_s,wait_p90_s,waits_over_10min,waits_measured,fares,driver_pay,tips
2025-09-01,All,528509,262,574,46809,522826,14873223.69000202,11396605.430000741,598435.3400000014
2025-09-01,Lyft,161182,275,573,14010,159096,4307413.409999428,3327037.6199999265,200768.21000000145
2025-09-01,Uber,367327,256,575,32799,363730,10565810.280000266,8069567.810000372,397667.1300000151
2025-09-02,All,559871,231,485,30225,551111,15875739.740002314,12004832.22000032,700201.3999999955
2025-09-02,Lyft,162380,243,474,7457,158729,4254723.3399992585,3288954.589999948,205755.90000000098
2025-09-02,Uber,397491,226,490,22768,392382,11621016.4000004,8715877.63000022,494445.50000001723
2025-09-03,All,591527,221,445,24087,582852,16687587.81999985,12472448.120000163,753979.0300000049
2025-09-03,Lyft,166242,234,437,5324,162695,4288745.4299998805,3381402.0099999313,208636.49000000145
2025-09-03,Uber,425285,216,449,18763,420157,12398842.390000423,9091046.110000508,545342.5400000273
2025-09-04,All,644662,230,476,32056,635365,18954005.359999757,14149109.640000043,851835.9600000167
2025-09-04,Lyft,177291,245,476,8161,173559,4760534.629999947,3678487.330000007,232581.52000000025
2025-09-04,Uber,467371,225,477,23895,461806,14193470.730000056,10470622.310000202,619254.4400000141
2025-09-05,All,710437,233,478,35871,700710,19997162.750004657,15305833.16000065,873611.7199999789
2025-09-05,Lyft,199333,248,479,9409,195509,5353984.589998857,4149346.629999863,259483.92000000027
2025-09-05,Uber,511104,228,477,26462,505201,14643178.160000578,11156486.530000804,614127.8000000115
2025-09-06,All,763720,237,482,40090,757376,20116495.5300037,15700837.96000083,838316.8899999813
2025-09-06,Lyft,218047,250,482,10711,215875,5559881.479998796,4301372.109999924,264889.7900000021
2025-09-06,Uber,545673,232,482,29379,541501,14556614.049999852,11399465.85000039,573427.1000000299
2025-09-07,All,649824,251,516,41840,643523,17642434.259999353,13687157.44000023,723956.7500000114
2025-09-07,Lyft,186382,265,520,11996,184290,4856611.469999926,3764761.079999977,232917.57000000018
2025-09-07,Uber,463442,246,513,29844,459233,12785822.790000174,9922396.359999832,491039.180000006
2025-09-08,All,564080,232,489,31210,554256,16270361.33000348,12504969.390000522,763049.9699999844
2025-09-08,Lyft,149371,239,478,7264,145391,3996220.2899991637,3118260.169999938,210024.35000000225
2025-09-08,Uber,414709,229,492,23946,408865,12274141.040000422,9386709.220000299,553025.6200000244
2025-09-09,All,585450,227,463,26813,576921,17088544.64999989,12931671.310000349,817843.8200000194
2025-09-09,Lyft,152126,237,455,5865,148489,4104931.630000118,3181659.660000015,216554.14999999892
2025-09-09,Uber,433324,224,466,20948,428432,12983613.020000115,9750011.650000196,601289.6700000111
2025-09-10,All,647421,237,497,36952,637755,19765349.740004078,14858946.970000662,951775.5599999833
2025-09-10,Lyft,170944,247,489,8681,166830,4730851.599999146,3695201.9599999515,254829.00000000207
2025-09-10,Uber,476477,234,501,28271,470925,15034498.140000485,11163745.010000024,696946.560000003
2025-09-11,All,662701,239,499,38109,653207,20032270.440003987,15215154.330000238,906240.3999999795
2025-09-11,Lyft,179795,249,490,9204,175779,5020750.249999061,3913904.0200000354,255230.3700000023
2025-09-11,Uber,482906,236,503,28905,477428,15011520.18999999,11301250.310000315,651010.0300000154
2025-09-12,All,724648,255,525,47777,715568,21125481.42000068,16619106.760000646,905034.2100000158
2025-09-12,Lyft,194379,264,523,12148,190534,5401115.819999868,4188493.9899999895,260377.74999999997
2025-09-12,Uber,530269,251,525,35629,525034,15724365.599999856,12430612.770000288,644656.4600000165
2025-09-13,All,793015,255,512,48754,787715,21596048.36000425,17089885.500000753,863877.3299999756
2025-09-13,Lyft,220420,267,511,12484,218199,5992864.529998795,4644585.369999905,275331.3800000021
2025-09-13,Uber,572595,251,513,36270,569516,15603183.83000051,12445300.13000023,588545.9500000298
2025-09-14,All,692025,276,548,52032,686524,19206598.730004497,15179623.730000928,774615.5799999846
2025-09-14,Lyft,192799,281,529,12390,190559,5285022.639998767,4107142.889999928,251286.37000000282
2025-09-14,Uber,499226,274,556,39642,495965,13921576.090000559,11072480.840000499,523329.210000024
2025-09-15,All,587755,236,492,33218,578382,16842847.359999344,12972503.590000097,787059.2700000167
2025-09-15,Lyft,154905,242,466,6451,150858,4180079.9700002396,3239653.460000009,219213.09000000078
2025-09-15,Uber,432850,233,504,26767,427524,12662767.390000252,9732850.129999954,567846.180000011
2025-09-16,All,601477,229,469,28732,592747,17541015.580003858,13176891.150000308,853645.6699999898
2025-09-16,Lyft,161063,237,455,5966,157279,4357602.689999175,3369682.4399999464,233999.23000000056
2025-09-16,Uber,440414,226,473,22766,435468,13183412.890000654,9807208.710000068,619646.4400000182
2025-09-17,All,643694,233,478,32399,633986,19031857.480002083,14316008.690000616,945194.0600000016
2025-09-17,Lyft,172046,238,460,7029,168019,4748581.279999615,3673736.2799999905,260948.71000000072
2025-09-17,Uber,471648,231,484,25370,465967,14283276.200000305,10642272.410000194,684245.3500000252
2025-09-18,All,667111,243,503,39370,656814,20865685.85000355,15815423.430000646,1010287.2599999885
2025-09-18,Lyft,186501,252,500,10058,182314,5319294.079999169,4142114.3399999496,285603.2500000005
2025-09-18,Uber,480610,239,504,29312,474500,15546391.770000953,11673309.090000333,724684.0100000122
2025-09-19,All,727258,247,503,41939,717366,20917801.99000566,16357263.100000968,935988.8999999699
2025-09-19,Lyft,207782,254,488,9922,203679,5839489.529998709,4506674.58999997,289404.3900000011
2025-09-19,Uber,519476,244,510,32017,513687,15078312.460001308,11850588.5100004,646584.5100000077
2025-09-20,All,769817,250,501,43839,764587,20909843.95000197,16674639.290000852,878006.2900000096
2025-09-20,Lyft,223553,258,489,11013,221401,5972508.989999606,4630254.1399999615,287876.75000000256
2025-09-20,Uber,546264,246,505,32826,543186,14937334.96000031,12044385.150000282,590129.5400000178
2025-09-21,All,666288,265,535,47534,661009,18624531.01000156,14713230.430000223,781596.4300000054
2025-09-21,Lyft,193662,270,514,11569,191579,5266404.069999541,4082956.249999945,262076.7100000002
2025-09-21,Uber,472626,262,545,35965,469430,13358126.940000504,10630274.180000093,519519.7200000179
2025-09-22,All,545709,232,482,28861,536542,15935497.990003623,12029223.310000423,735497.5099999958
2025-09-22,Lyft,165935,238,456,6479,162087,4438258.549998999,3443826.829999959,217916.18000000116
2025-09-22,Uber,379774,230,495,22382,374455,11497239.440000208,8585396.480000373,517581.3300000274
2025-09-23,All,522499,216,435,21978,514897,15010946.969999544,11030141.21000004,734910.2100000215
2025-09-23,Lyft,156380,223,413,4716,153158,4105345.1299998695,3143948.8299999875,212665.5800000002
2025-09-23,Uber,366119,212,446,17262,361739,10905601.840000093,7886192.379999962,522244.6300000108
2025-09-24,All,585329,222,450,26043,576706,17380530.100004673,12633514.620000593,871914.2799999943
2025-09-24,Lyft,174663,229,427,5568,171087,4610796.139998837,3531024.460000056,245854.58000000066
2025-09-24,Uber,410666,219,461,20475,405619,12769733.95999982,9102490.160000402,626059.7000000146
2025-09-25,All,674570,242,510,41268,663972,21266666.830000564,15701094.850000266,1044092.4300000187
2025-09-25,Lyft,196223,246,488,9924,191840,5334970.6299999375,4141478.220000002,289410.7099999996
2025-09-25,Uber,478347,240,519,31344,472132,15931696.200000351,11559616.629999984,754681.7200000191
2025-09-26,All,716534,252,526,48432,706173,21227035.970004886,16412544.33000074,981310.9099999825
2025-09-26,Lyft,197181,255,505,11137,193188,5457860.049998844,4223279.329999939,283000.0100000033
2025-09-26,Uber,519353,250,535,37295,512985,15769175.92000023,12189265.000000209,698310.9000000084
2025-09-27,All,785805,255,525,53254,779735,21057903.44000149,17185267.670000758,927610.709999987
2025-09-27,Lyft,204286,257,493,10332,202095,5198517.0399996955,4162036.439999883,271537.6700000017
2025-09-27,Uber,581519,255,538,42922,577640,15859386.400000338,13023231.230000794,656073.0400000197
2025-09-28,All,671371,269,560,55224,665274,18451752.160000328,14792146.870000146,789688.8900000036
2025-09-28,Lyft,174977,268,523,11232,172811,4619839.549999844,3610549.439999979,241193.45000000065
2025-09-28,Uber,496394,270,574,43992,492463,13831912.610000115,11181597.430000283,548495.4400000075
2025-09-29,All,564835,236,507,35212,554893,16186814.240001323,12484273.390001021,775383.9500000033
2025-09-29,Lyft,142239,236,473,6515,138188,3849677.149999753,3040751.9999999367,209376.6900000004
2025-09-29,Uber,422596,236,519,28697,416705,12337137.090000743,9443521.390000293,566007.2600000199
2025-09-30,All,586699,232,486,32667,577681,16917950.770000827,12876050.410000702,822441.9499999974
2025-09-30,Lyft,145514,232,451,5568,141787,3953113.0599998487,3118283.4000000004,217742.4000000003
2025-09-30,Uber,441185,232,499,27099,435894,12964837.710000362,9757767.010000352,604699.5500000155
2025-10-01,All,601957,224,464,28215,593031,16805737.11000122,12963868.79000093,848902.1999999845
2025-10-01,Lyft,161733,225,427,4861,158137,4291388.22999978,3404528.3500000197,225566.56000000107
2025-10-01,Uber,440224,224,479,23354,434894,12514348.88000047,9559340.440000381,623335.6400000183
2025-10-02,All,610864,215,436,23414,603004,16363027.079999918,12509991.150000267,820332.8200000058
2025-10-02,Lyft,167057,214,387,3286,163778,4341163.950000055,3410166.2599999635,229305.34999999995
2025-10-02,Uber,443807,215,456,20128,439226,12021863.130000263,9099824.89000023,591027.4700000132
2025-10-03,All,711616,233,487,38044,702942,19001860.730000935,15120909.770000465,874330.3099999876
2025-10-03,Lyft,198018,232,441,6595,194351,5190840.119999783,4133962.269999881,254386.45000000103
2025-10-03,Uber,513598,234,507,31449,508591,13811020.610000728,10986947.500000484,619943.8600000187
2025-10-04,All,772503,238,487,41204,767790,19315932.87999968,15910929.490000688,861745.6599999953
2025-10-04,Lyft,223991,237,443,7601,221973,5415305.030000044,4457292.339999953,268254.1200000031
2025-10-04,Uber,548512,238,506,33603,545817,13900627.850000445,11453637.150000427,593491.540000029
2025-10-05,All,660416,254,535,47504,655392,17445708.599999614,14131482.020000257,801263.1600000155
2025-10-05,Lyft,191163,248,474,8780,189152,4814651.019999952,3903647.039999975,243953.83000000054
2025-10-05,Uber,469253,257,561,38724,466240,12631057.580000076,10227834.980000013,557309.3300000125
2025-10-06,All,571317,232,503,33941,562009,15700999.440000579,12494828.99000082,823763.8399999882
2025-10-06,Lyft,148367,229,450,5749,144536,3922023.1599998428,3146404.4599999525,217335.44000000102
2025-10-06,Uber,422950,232,521,28192,417473,11778976.280000454,9348424.53000026,606428.400000012
2025-10-07,All,592371,219,461,26923,583981,15826389.2500004,12432817.380000256,865092.9600000242
2025-10-07,Lyft,151819,219,413,4067,148287,3889408.560000024,3140572.6899999883,223948.43999999887
2025-10-07,Uber,440552,219,479,22856,435694,11936980.690000137,9292244.690000093,641144.5200000186
2025-10-08,All,665174,230,497,37838,655203,19064617.170000944,14647846.630000662,1041594.5799999782
2025-10-08,Lyft,176139,230,457,7434,172017,4783879.6499998635,3756646.3499999098,269597.15000000136
2025-10-08,Uber,489035,230,511,30404,483186,14280737.520000262,10891200.280000487,771997.4299999994
2025-10-09,All,687228,244,523,45730,676754,21100025.230001528,16487536.140000533,1117581.949999977
2025-10-09,Lyft,186633,248,508,11320,182367,5289464.929999799,4188353.379999971,292309.42000000115
2025-10-09,Uber,500595,242,528,34410,494387,15810560.300000936,12299182.760000613,825272.5299999954
2025-10-10,All,748590,251,531,51195,738369,20710413.68000013,16808866.600000255,1040759.3000000264
2025-10-10,Lyft,213178,255,507,11895,209224,5636827.349999944,4585217.260000025,300271.77000000025
2025-10-10,Uber,535412,250,541,39300,529145,15073586.330000157,12223649.340000182,740487.5300000207
2025-10-11,All,807629,247,512,49969,801846,19901872.510000836,16637995.490000652,958847.3499999859
2025-10-11,Lyft,229335,249,487,11606,227081,5637393.539999822,4621824.619999985,294393.1800000016
2025-10-11,Uber,578294,245,522,38363,574765,14264478.970000667,12016170.870000254,664454.1700000145
2025-10-12,All,716682,253,536,52156,710675,17289910.69000143,14120356.59000118,836584.2799999942
2025-10-12,Lyft,200112,251,495,11074,197696,4836088.22999975,3852199.1399999303,256455.69000000373
2025-10-12,Uber,516570,253,553,41082,512979,12453822.460000604,10268157.450000463,580128.5900000191
2025-10-13,All,591112,239,523,40198,582414,14451964.379999954,11266335.210000005,751248.6400000211
2025-10-13,Lyft,153809,230,458,7167,150081,3798375.410000054,2915199.3100000164,214349.14999999994
2025-10-13,Uber,437303,243,544,33031,432333,10653588.970000183,8351135.899999775,536899.4900000087
2025-10-14,All,614691,227,495,34823,605398,17087218.860000413,13205730.060000293,909260.1499999942
2025-10-14,Lyft,156327,229,475,7853,152410,4181330.779999743,3301948.0799999745,238514.6700000003
2025-10-14,Uber,458364,227,503,26970,452988,12905888.080000654,9903781.980000447,670745.4800000219
2025-10-15,All,645864,226,483,33576,636401,18228688.32000064,13959954.770000624,974662.7099999791
2025-10-15,Lyft,165273,228,456,6887,161352,4436985.479999763,3501546.1099999696,249833.84000000003
2025-10-15,Uber,480591,226,492,26689,475049,13791702.84000047,10458408.660000363,724828.8700000141
2025-10-16,All,702488,246,529,47718,692067,21200052.72999963,16473017.67000049,1102421.8399999917
2025-10-16,Lyft,188515,252,529,12670,184240,5250603.519999942,4224734.170000004,288523.70000000036
2025-10-16,Uber,513973,243,528,35048,507827,15949449.210000325,12248283.500000436,813898.1400000122
2025-10-17,All,762721,247,524,50285,752588,20215775.780000266,16876056.720000055,1003099.0999999632
2025-10-17,Lyft,212863,251,500,11564,208807,5132471.0499998145,4599560.730000029,285000.87000000203
2025-10-17,Uber,549858,245,533,38721,543781,15083304.730000876,12276495.990000172,718098.23
2025-10-18,All,800267,245,509,49061,794639,19970037.109999876,16895193.34000034,918088.1799999792
2025-10-18,Lyft,227097,249,482,10850,224863,5542252.829999833,4685439.850000016,286033.1500000017
2025-10-18,Uber,573170,243,520,38211,569776,14427784.280000415,12209753.490000194,632055.0300000259
2025-10-19,All,694049,267,557,55542,688225,17917187.56000005,15044012.990000434,829080.090000021
2025-10-19,Lyft,195232,269,534,13436,192881,4554116.280000057,4026027.5600000108,253871.51999999984
2025-10-19,Uber,498817,266,566,42106,495344,13363071.28000015,11017985.430000063,575208.5700000129
2025-10-20,All,587382,238,518,38275,578899,15941250.490000442,12292095.160000494,791153.9499999984
2025-10-20,Lyft,140255,243,483,7186,137077,3653789.039999938,2951035.6300000153,202250.24999999977
2025-10-20,Uber,447127,237,530,31089,441822,12287461.450000538,9341059.530000394,588903.7000000232
2025-10-21,All,607512,237,515,38968,598508,17155026.7800002,13378344.100000562,871732.539999995
2025-10-21,Lyft,159222,240,491,8722,155451,4141688.6499999147,3382075.159999959,226764.82000000094
2025-10-21,Uber,448290,236,523,30246,443057,13013338.130000215,9996268.940000404,644967.7200000153
2025-10-22,All,647942,238,514,40565,637961,18754708.8000006,14425849.770000758,959138.3299999959
2025-10-22,Lyft,171310,239,487,9049,167168,4543997.919999945,3661120.2499999907,248753.73000000117
2025-10-22,Uber,476632,238,522,31516,470793,14210710.880000457,10764729.520000404,710384.6000000166
2025-10-23,All,693451,241,520,44702,682986,20576665.540001493,15879944.850000482,1028612.5099999803
2025-10-23,Lyft,186516,245,500,10401,182247,5104595.56999975,4110687.5699999924,278699.7600000029
2025-10-23,Uber,506935,240,527,34301,500739,15472069.970000869,11769257.280000387,749912.750000003
2025-10-24,All,766232,249,527,51777,756361,20754151.080001038,16746921.830000168,965685.840000004
2025-10-24,Lyft,216558,256,505,12038,212583,5604425.64999977,4642398.989999989,288030.8199999996
2025-10-24,Uber,549674,246,537,39739,543778,15149725.430000309,12104522.840000173,677655.020000024
2025-10-25,All,830160,244,505,49447,824708,20840072.98000003,17393409.400000833,923880.1700000202
2025-10-25,Lyft,237439,251,478,10622,235187,5743476.3799999505,4836258.849999882,289883.8700000008
2025-10-25,Uber,592721,240,519,38825,589521,15096596.600000396,12557150.550000258,633996.3000000179
2025-10-26,All,708278,251,521,46916,702677,18193105.050001677,14878620.910001392,801710.8699999851
2025-10-26,Lyft,203085,254,480,9620,200742,5024162.789999687,4161857.749999934,254954.63000000274
2025-10-26,Uber,505193,249,539,37296,501935,13168942.260000762,10716763.160000348,546756.2400000266
2025-10-27,All,596195,231,493,33284,586456,16344544.440001331,12666381.62000072,789804.8999999808
2025-10-27,Lyft,163579,238,467,7078,159439,4188792.3599996655,3373217.2899999754,221296.9600000022
2025-10-27,Uber,432616,228,503,26206,427017,12155752.080000592,9293164.330000637,568507.9400000239
2025-10-28,All,619653,222,454,26134,610844,17286730.660000026,13263675.160000307,853815.0200000077
2025-10-28,Lyft,171833,230,446,6226,168191,4355552.759999937,3567408.2099999674,232332.70000000033
2025-10-28,Uber,447820,219,456,19908,442653,12931177.900000213,9696266.950000338,621482.3200000238
2025-10-29,All,655925,222,456,28061,646439,18770913.850000307,14252823.020000786,923328.9799999841
2025-10-29,Lyft,178824,231,445,6587,174974,4614996.39999973,3700162.7499999213,246010.0400000016
2025-10-29,Uber,477101,218,460,21474,471465,14155917.45000007,10552660.270000309,677318.9400000132
2025-10-30,All,781975,269,597,76002,770150,23814618.780000646,18379375.3200009,1121047.9300000027
2025-10-30,Lyft,207692,275,587,19022,202841,5594970.469999753,4369594.819999999,295007.3600000008
2025-10-30,Uber,574283,267,601,56980,567309,18219648.31000014,14009780.500000536,826040.570000014
2025-10-31,All,856457,280,593,81471,846438,24442605.569999795,19170374.810001075,1017998.7099999982
2025-10-31,Lyft,255555,281,553,19309,251505,6732141.229999809,5643991.619999917,321288.4899999995
2025-10-31,Uber,600902,279,610,62162,594933,17710464.33999997,13526383.19000049,696710.2200000258
2025-11-01,All,928553,268,555,73138,923181,27475276.49000191,22172284.91000063,1071319.1399999158
2025-11-01,Lyft,280677,264,499,14656,278499,7770033.519999556,6429500.849999989,353863.490000001
2025-11-01,Uber,647876,271,580,58482,644682,19705242.969999112,15742784.060000591,717455.6499999925
2025-11-02,All,712144,273,576,62769,701187,20056900.800000638,16194914.020000424,816754.8999999993
2025-11-02,Lyft,206514,280,558,16227,202524,5339692.309999736,4307706.799999961,254613.470000002
2025-11-02,Uber,505630,270,585,46542,498663,14717208.489999685,11887207.220000299,562141.4300000231
2025-11-03,All,595493,232,492,33691,584991,16806387.410000134,12948057.290000312,809206.500000006
2025-11-03,Lyft,165225,236,460,6766,160773,4304936.779999966,3466742.8399999468,228727.62999999977
2025-11-03,Uber,430268,230,503,26925,424218,12501450.630000217,9481314.450000389,580478.8700000148
2025-11-04,All,595305,223,457,26758,586268,16327471.070000509,12349478.350000793,814561.6899999804
2025-11-04,Lyft,170808,227,424,4940,167043,4221228.839999722,3428743.649999923,228313.47000000314
2025-11-04,Uber,424497,220,473,21818,419225,12106242.229999745,8920734.700000335,586248.2200000198
2025-11-05,All,642039,224,471,32025,632415,18663391.910000276,14143716.460000383,946368.7500000347
2025-11-05,Lyft,185857,230,449,7161,181789,4822586.379999907,3899658.7100000205,258609.8299999982
2025-11-05,Uber,456182,221,480,24864,450626,13840805.53000014,10244057.750000006,687758.920000017
2025-11-06,All,702009,226,476,36505,691394,20938364.620000932,15956314.250000114,1027762.2199999748
2025-11-06,Lyft,202445,237,478,10037,198198,5462414.339999695,4388733.639999918,288125.7100000011
2025-11-06,Uber,499564,222,475,26468,493196,15475950.279999806,11567580.610000221,739636.5100000075
2025-11-07,All,754278,225,465,35052,744313,20610401.00000206,16180700.100000208,963988.2499999639
2025-11-07,Lyft,226857,233,449,7868,222943,5750739.179999673,4701416.069999936,291211.27000000165
2025-11-07,Uber,527421,222,474,27184,521370,14859661.820000343,11479284.030000363,672776.9800000183
2025-11-08,All,792634,228,468,38379,787431,20108762.160000697,16394679.520000115,897809.5200000245
2025-11-08,Lyft,235164,236,451,8893,233159,5673106.849999802,4702978.659999976,284339.75000000215
2025-11-08,Uber,557470,225,476,29486,554272,14435655.3100002,11691700.86000039,613469.7700000245
2025-11-09,All,693982,237,502,42017,688561,17823085.73999961,14336586.210000858,799603.3799999957
2025-11-09,Lyft,193863,243,478,9458,191867,4672567.049999899,3794524.2299998924,249160.13000000094
2025-11-09,Uber,500119,235,511,32559,496694,13150518.690000102,10542061.980000535,550443.2500000246
2025-11-10,All,641938,227,491,36693,631773,17234803.660000734,13538253.890000517,850145.5999999823
2025-11-10,Lyft,168579,230,452,6961,164409,4295289.139999634,3435783.4099999177,241288.39000000182
2025-11-10,Uber,473359,226,507,29732,467364,12939514.51999977,10102470.480000557,608857.2100000192
2025-11-11,All,620742,223,477,33072,612081,16704348.790000074,12789798.910000794,850528.3300000308
2025-11-11,Lyft,168574,224,423,5844,164986,4215573.309999971,3343761.2100000065,234765.95999999932
2025-11-11,Uber,452168,222,498,27228,447095,12488775.480000036,9446037.700000105,615762.370000018
2025-11-12,All,651330,224,484,34982,641400,18712274.98000062,14272486.05000064,937133.7399999766
2025-11-12,Lyft,177934,228,451,7193,173879,4659343.869999667,3700133.029999944,255339.98999999993
2025-11-12,Uber,473396,223,497,27789,467521,14052931.110000053,10572353.020000411,681793.7500000023
2025-11-13,All,710789,229,492,39665,700378,20692555.680000298,15903048.120000405,1009940.7399999651
2025-11-13,Lyft,194401,233,459,8108,190333,5201968.78999965,4104382.319999879,279569.0300000023
2025-11-13,Uber,516388,227,505,31557,510045,15490586.889999662,11798665.800000444,730371.7099999979
2025-11-14,All,777318,230,483,40827,767439,20795106.7000002,16535294.240000542,953169.2100000335
2025-11-14,Lyft,226860,235,450,8183,223079,5715516.989999851,4605789.479999976,283598.4499999997
2025-11-14,Uber,550458,228,498,32644,544360,15079589.710000446,11929504.760000048,669570.7600000191
2025-11-15,All,839307,235,491,46243,833985,20816114.880000055,16942210.040000886,909397.2899999885
2025-11-15,Lyft,251440,239,451,8979,249363,5922558.459999795,4840244.859999904,291699.0900000008
2025-11-15,Uber,587867,233,511,37264,584622,14893556.419999823,12101965.180000324,617698.2000000337
2025-11-16,All,716648,246,528,50459,710992,18840414.80000097,14820247.250000516,808435.5999999895
2025-11-16,Lyft,213851,247,467,8999,211708,5319797.25999963,4210760.139999946,262810.99000000075
2025-11-16,Uber,502797,245,558,41460,499284,13520617.539999498,10609487.11000032,545624.6100000258
2025-11-17,All,628428,231,509,39051,618707,17011708.100001033,13034039.229999945,813494.7000000083
2025-11-17,Lyft,167768,231,456,6805,163768,4295062.009999735,3395400.2300000037,224915.9699999992
2025-11-17,Uber,460660,231,529,32246,454939,12716646.090000201,9638639.000000332,588578.7300000166
2025-11-18,All,636541,229,495,36177,627126,18137868.71999949,13534648.900000349,902096.039999974
2025-11-18,Lyft,172128,232,457,7094,168307,4613954.829999789,3619008.519999949,248989.09000000087
2025-11-18,Uber,464413,228,509,29083,458819,13523913.889999751,9915640.380000513,653106.9500000206
2025-11-19,All,692476,236,525,46660,681522,20566844.77000049,15453979.100000653,1036959.3799999597
2025-11-19,Lyft,180844,241,490,9594,176595,4994730.809999526,3889954.42000006,276119.66000000207
2025-11-19,Uber,511632,235,538,37066,504927,15572113.960000448,11564024.680000242,760839.7199999923
2025-11-20,All,718453,232,494,40617,707378,21358490.20000045,16188966.860000826,1035914.7600000156
2025-11-20,Lyft,193855,238,478,9422,189644,5415745.099999786,4258315.989999972,287342.17000000033
2025-11-20,Uber,524598,229,500,31195,517734,15942745.100000098,11930650.870000307,748572.5900000262
2025-11-21,All,781113,236,505,46919,770766,21020562.480000637,16690557.500000793,946091.599999976
2025-11-21,Lyft,214669,240,468,9072,210632,5723252.399999812,4593932.0599999875,282549.190000001
2025-11-21,Uber,566444,234,519,37847,560134,15297310.080000803,12096625.440000657,663542.4100000227
2025-11-22,All,830867,230,475,42068,824442,20342169.84000095,16833184.88000087,889884.259999972
2025-11-22,Lyft,225586,234,436,7006,223001,5749273.61999962,4670081.229999994,288838.7500000042
2025-11-22,Uber,605281,228,492,35062,601441,14592896.220000265,12163103.650000416,601045.5100000172
2025-11-23,All,700507,237,504,43244,694716,17118664.500000615,14047203.420000859,717377.9100000092
2025-11-23,Lyft,189075,239,454,7321,186639,4861341.0399996955,3913181.9699999643,238851.7700000018
2025-11-23,Uber,511432,237,525,35923,508077,12257323.460000295,10134021.450000513,478526.1400000221
2025-11-24,All,591906,224,482,31420,582180,15572929.479999665,12164153.010000454,676280.7600000123
2025-11-24,Lyft,164539,226,434,5416,160529,4298027.719999953,3428042.0299999667,211642.0399999995
2025-11-24,Uber,427367,224,503,26004,421651,11274901.760000162,8736110.980000235,464638.7200000096
2025-11-25,All,665364,247,543,49968,653881,18748757.27000164,14555471.200000348,822732.06999998
2025-11-25,Lyft,187621,253,520,11993,183014,5041750.209999492,3944730.2699999027,253784.03000000262
2025-11-25,Uber,477743,244,555,37975,470867,13707007.059999997,10610740.930000717,568948.0400000182
2025-11-26,All,665274,232,504,40199,654415,17644664.930000644,13783557.910000507,737134.2200000144
2025-11-26,Lyft,188639,231,446,6723,184297,5067125.419999735,3971409.6999999513,242947.21000000025
2025-11-26,Uber,476635,233,531,33476,470118,12577539.510000052,9812148.210000247,494187.01000001025
2025-11-27,All,661557,260,555,52623,653726,16900515.430000074,13642897.290000979,750789.2099999924
2025-11-27,Lyft,193793,261,511,11051,190687,5070562.499999656,4058292.43999995,259825.86000000042
2025-11-27,Uber,467764,260,577,41572,463039,11829952.92999973,9584604.850000564,490963.35000002244
2025-11-28,All,605656,220,463,29868,600082,14202085.620000575,11206096.48000071,601146.4100000109
2025-11-28,Lyft,178571,221,423,5774,176566,4206831.189999662,3404445.0999999125,196185.94000000096
2025-11-28,Uber,427085,219,483,24094,423516,9995254.430000434,7801651.380000326,404960.47000001743
2025-11-29,All,641577,207,422,24125,636507,15720044.099999696,12569990.500000037,697270.7300000207
2025-11-29,Lyft,195020,212,395,4738,193204,4724288.730000068,3897531.2699999847,229702.50999999966
2025-11-29,Uber,446557,205,436,19387,443303,10995755.370000025,8672459.230000004,467568.2200000045
2025-11-30,All,624012,222,481,36313,618608,15989665.160000745,12761247.700000769,680474.8599999974
2025-11-30,Lyft,188627,225,436,7498,186523,4660797.789999631,3842497.949999932,224736.12000000218
2025-11-30,Uber,435385,220,504,28815,432085,11328867.370000115,8918749.75000053,455738.74000002205
2025-12-01,All,610382,230,517,40696,600481,17209021.48000085,13183114.680000871,824277.1599999843
2025-12-01,Lyft,173090,231,473,8618,169021,4645526.609999637,3727528.229999995,240810.94000000326
2025-12-01,Uber,437292,229,535,32078,431460,12563494.870000253,9455586.450000573,583466.2200000236
2025-12-02,All,715379,238,533,51210,704613,19955521.139999047,14879699.740000919,1019154.030000023
2025-12-02,Lyft,203388,242,492,11220,198805,5232024.169999966,4169357.71999993,285982.0400000005
2025-12-02,Uber,511991,237,551,39990,505808,14723496.970000105,10710342.020000327,733171.9900000289
2025-12-03,All,683519,236,528,47595,673569,20638317.82000114,15268712.450000344,1060808.2699999476
2025-12-03,Lyft,188454,239,499,10952,184511,5172352.0199995395,4002410.7999999267,283627.8700000033
2025-12-03,Uber,495065,235,540,36643,489058,15465965.80000027,11266301.650000757,777180.3999999948
2025-12-04,All,765588,244,540,56499,754462,24263615.92000121,17684231.98000069,1262469.509999897
2025-12-04,Lyft,214297,250,518,13599,210177,5953347.019999581,4599222.83999994,335956.97000000835
2025-12-04,Uber,551291,242,549,42900,544285,18310268.900000565,13085009.140000323,926512.5399999843
2025-12-05,All,864446,254,550,66543,853745,23663493.950000905,18446922.760001116,1154454.6600000039
2025-12-05,Lyft,240702,259,519,15011,236608,6289152.539999711,4982190.669999922,333250.31000000203
2025-12-05,Uber,623744,251,562,51532,617137,17374341.41000007,13464732.090000462,821204.3500000285
2025-12-06,All,873324,247,525,59240,867323,22162818.62000036,18103093.850000896,1055651.090000006
2025-12-06,Lyft,242179,253,479,10945,239743,6041581.589999996,4890579.340000028,321217.2900000036
2025-12-06,Uber,631145,244,545,48295,627580,16121237.030000318,13212514.510000091,734433.8000000305
2025-12-07,All,747544,255,554,59756,740890,19335015.740001548,15548292.900000991,917801.8399999323
2025-12-07,Lyft,205020,254,479,9450,202610,5198632.939999614,4125785.669999911,280973.3100000111
2025-12-07,Uber,542524,255,585,50306,538280,14136382.799999926,11422507.230000628,636828.5300000156
2025-12-08,All,697638,249,550,53887,686696,18843451.489999793,14582683.020000791,988105.7299999262
2025-12-08,Lyft,183232,250,499,9851,179015,4332289.729999939,3643568.7999999113,257575.2400000077
2025-12-08,Uber,514406,249,570,44036,507681,14511161.760000113,10939114.22000063,730530.4899999984
2025-12-09,All,716904,252,558,57158,706635,21344942.899999946,16125002.600000491,1154792.900000014
2025-12-09,Lyft,184471,257,529,12323,180610,4521090.670000017,3780040.0800000187,279311.69999999827
2025-12-09,Uber,532433,250,570,44835,526025,16823852.229999945,12344962.520000458,875481.2000000288
2025-12-10,All,739651,258,572,63779,727781,24289633.709999632,17710434.00000037,1301065.0399998897
2025-12-10,Lyft,189846,269,568,15824,185902,5370016.659999846,4019813.7399999374,315986.32000000787
2025-12-10,Uber,549805,253,573,47955,541879,18919617.049999464,13690620.26000014,985078.7199999677
2025-12-11,All,790597,262,576,69968,778935,26226733.290001713,19362026.060001213,1381060.349999885
2025-12-11,Lyft,198792,268,559,15769,195048,5655590.319999635,4224948.509999941,338559.5200000087
2025-12-11,Uber,591805,260,583,54199,583887,20571142.96999982,15137077.550000697,1042500.8299999923
2025-12-12,All,885622,276,592,83737,873918,25718674.740001507,19963679.450000722,1258835.5999999098
2025-12-12,Lyft,239380,287,575,20630,235505,6275257.409999665,4850189.069999893,350569.5300000071
2025-12-12,Uber,646242,272,598,63107,638413,19443417.33000042,15113490.380000703,908266.07
2025-12-13,All,929086,273,581,84012,921977,24913258.0800015,20435159.900000583,1178949.999999986
2025-12-13,Lyft,245242,281,534,16188,242716,6176569.699999677,4922766.719999965,346715.2500000031
2025-12-13,Uber,683844,270,601,67824,679261,18736688.38000048,15512393.180000361,832234.7500000319
2025-12-14,All,796175,327,694,114204,788126,21954976.25999968,17455482.590001076,1031700.8700000187
2025-12-14,Lyft,190591,335,629,21978,187822,5089527.680000097,3673223.209999983,294510.3000000003
2025-12-14,Uber,605584,325,718,92226,600304,16865448.580000304,13782259.380000671,737190.5700000273
2025-12-15,All,713027,287,641,82797,700206,21037237.63000094,15888282.010000201,1040692.5699999058
2025-12-15,Lyft,183603,293,604,18222,179187,5005921.92999963,3743407.9199999077,287068.82000000885
2025-12-15,Uber,529424,284,654,64575,521019,16031315.70000021,12144874.090000192,753623.7499999927
2025-12-16,All,708645,270,592,66932,696959,21208015.72000008,15801483.340000708,1060181.6399999242
2025-12-16,Lyft,186629,279,562,14889,182648,5018655.509999717,3835814.22999999,284025.5700000082
2025-12-16,Uber,522016,266,603,52043,514311,16189360.210000437,11965669.110000592,776156.0700000013
2025-12-17,All,712960,263,580,63914,700712,22313131.35000034,16359166.850000842,1112514.360000018
2025-12-17,Lyft,191327,274,559,15074,187375,5295268.2799998205,4016895.0599999893,295504.2799999991
2025-12-17,Uber,521633,260,589,48840,513337,17017863.07000013,12342271.790000353,817010.0800000202
2025-12-18,All,731347,271,594,69785,718951,23780202.740000255,17710918.930000786,1141649.1999999336
2025-12-18,Lyft,197532,280,575,17009,193742,5508499.969999723,4167384.2099999436,301303.36000001046
2025-12-18,Uber,533815,267,602,52776,525209,18271702.769999865,13543534.720000371,840345.8399999945
2025-12-19,All,871707,283,617,92265,858344,25066028.750001732,19531428.220001005,1138931.3499998848
2025-12-19,Lyft,234332,291,582,20831,230241,6004749.84999963,4642154.749999946,319529.19000000996
2025-12-19,Uber,637375,280,632,71434,628103,19061278.899999987,14889273.470000664,819402.159999987
2025-12-20,All,821861,271,583,75149,813924,21896459.96000086,17637372.080000482,1018433.52999993
2025-12-20,Lyft,233678,281,546,16969,231088,5771391.269999736,4622722.299999913,314941.1700000123
2025-12-20,Uber,588183,267,600,58180,582836,16125068.690000217,13014649.7800002,703492.3600000037
2025-12-21,All,704340,270,590,66514,697087,18038876.279999774,14610613.930000622,822197.9300000231
2025-12-21,Lyft,197790,271,519,12000,195489,4751270.809999951,3839150.6499999813,262288.45999999717
2025-12-21,Uber,506550,269,621,54514,501598,13287605.469999898,10771463.280000158,559909.4700000088
2025-12-22,All,617476,253,558,49911,606801,16429949.780000908,12854963.810000917,751062.1099999762
2025-12-22,Lyft,173512,253,498,9262,170133,4332070.469999682,3425248.929999958,232505.48000000537
2025-12-22,Uber,443964,253,583,40649,436668,12097879.309999917,9429714.880000697,518556.63000001945
2025-12-23,All,639588,257,575,55616,628650,16733660.91999984,13223510.48000008,747657.6199999823
2025-12-23,Lyft,178251,253,507,10290,175044,4467273.909999689,3525958.369999931,239188.41000000754
2025-12-23,Uber,461337,259,601,45326,453606,12266387.00999977,9697552.110000271,508469.21000001725
2025-12-24,All,647030,259,576,56866,638376,16078115.759999676,12685606.690000184,708062.6500000041
2025-12-24,Lyft,185865,253,495,9836,183276,4485468.170000028,3545475.2899999935,235734.08000000447
2025-12-24,Uber,461165,262,608,47030,455100,11592647.5899999,9140131.400000144,472328.5700000087
2025-12-25,All,525428,270,620,56795,520005,12863861.400000606,9934929.790000265,591027.9799999949
2025-12-25,Lyft,151974,253,509,9103,150503,3593736.759999797,2819466.1499999827,200097.89000000677
2025-12-25,Uber,373454,280,661,47692,369502,9270124.640000163,7115463.640000292,390930.0900000141
2025-12-26,All,544284,244,552,42837,538082,12850766.519999696,9876406.980000226,563879.2200000116
2025-12-26,Lyft,175609,240,471,7964,173916,3857312.6700001108,3165720.3800000073,187436.10999999766
2025-12-26,Uber,368675,247,591,34873,364166,8993453.850000018,6710686.599999954,376443.110000005
2025-12-27,All,551968,251,579,49696,546970,13507036.280000556,10389284.78000037,636141.3999999971
2025-12-27,Lyft,174493,246,507,10751,173157,4046516.0299997283,3244925.9799998906,209647.9900000059
2025-12-27,Uber,377475,253,610,38945,373813,9460520.250000037,7144358.800000185,426493.4100000176
2025-12-28,All,564507,243,552,44862,559668,13908992.380000034,11078745.98000022,637105.1700000172
2025-12-28,Lyft,171464,234,448,6813,170027,4034794.100000059,3291266.150000005,211506.32999999623
2025-12-28,Uber,393043,249,594,38049,389641,9874198.280000001,7787479.8299998045,425598.8400000051
2025-12-29,All,561484,229,516,36598,553642,13922880.040000917,10798266.680000624,653057.7999999931
2025-12-29,Lyft,174864,223,419,5369,172456,4190424.399999805,3329753.839999939,218745.32000000615
2025-12-29,Uber,386620,233,558,31229,381186,9732455.639999902,7468512.840000042,434312.4800000212
2025-12-30,All,607659,229,513,39184,600086,15064764.049999855,11628363.780000146,683029.3100000198
2025-12-30,Lyft,195292,223,417,5904,192830,4660103.159999829,3680614.4699999793,232893.99999999654
2025-12-30,Uber,412367,232,557,33280,407256,10404660.890000008,7947749.310000125,450135.3100000052
2025-12-31,All,769272,264,575,67458,760922,18102031.480000686,14142492.869999867,772251.7199999692
2025-12-31,Lyft,229811,263,515,13466,226969,5271371.869999613,4231745.459999923,265439.49000001047
2025-12-31,Uber,539461,264,603,53992,533953,12830659.609999603,9910747.40999987,506812.23000002577
2026-01-01,All,730355,304,688,102118,724949,20546440.92999998,16007959.480001466,813265.5499999342
2026-01-01,Lyft,208733,317,705,30974,207049,5655767.479999602,4324777.829999943,266139.57000001305
2026-01-01,Uber,521622,298,680,71144,517900,14890673.449998409,11683181.650000764,547125.980000023
2026-01-02,All,600947,228,519,39410,594457,14477402.609999768,10959781.52000017,625659.0000000228
2026-01-02,Lyft,170477,220,424,5769,168323,4021218.9600001145,3095602.0900000073,201370.8499999968
2026-01-02,Uber,430470,232,552,33641,426134,10456183.649999993,7864179.429999892,424288.15000000293
2026-01-03,All,640262,221,501,37914,635661,15241698.110000677,11913542.650000662,681366.3599999817
2026-01-03,Lyft,162930,210,392,3940,161481,3943319.219999716,3012686.269999955,211409.79000000676
2026-01-03,Uber,477332,226,536,33974,474180,11298378.889999896,8900856.380000204,469956.5700000227
2026-01-04,All,572075,232,542,43118,567615,13944563.37000082,10939951.50000053,593113.5200000242
2026-01-04,Lyft,144255,220,416,4761,142665,3607322.3399997596,2756644.4500000095,189319.0999999994
2026-01-04,Uber,427820,238,578,38357,424950,10337241.030000228,8183307.050000201,403794.42000000784
2026-01-05,All,552678,232,546,41895,543712,13842448.490000615,10660009.010000437,608578.2400000056
2026-01-05,Lyft,145386,224,462,6996,141897,3493716.9899997637,2720671.6899999552,179433.75000000143
2026-01-05,Uber,407292,236,572,34899,401815,10348731.499999812,7939337.320000319,429144.49000001734
2026-01-06,All,565093,223,514,36035,556646,13972505.33000068,10749466.750000723,623926.820000006
2026-01-06,Lyft,149740,216,424,5051,146633,3538721.0299997344,2772618.049999941,179088.00000000058
2026-01-06,Uber,415353,227,545,30984,410013,10433784.300000047,7976848.700000102,444838.8200000119
2026-01-07,All,580665,219,498,33430,571874,14708010.37000022,11242095.480000246,660925.3000000094
2026-01-07,Lyft,154143,213,414,4456,150933,3668694.659999819,2868111.8599999626,188072.53000000122
2026-01-07,Uber,426522,222,527,28974,420941,11039315.709999945,8373983.62000041,472852.7700000154
2026-01-08,All,617258,216,484,32539,607919,16114081.560000656,12295843.840000069,730959.3899999766
2026-01-08,Lyft,174469,211,410,4659,170905,4277523.469999653,3382305.1499999473,213165.4800000073
2026-01-08,Uber,442789,219,513,27880,437014,11836558.089999868,8913538.69000031,517793.9100000257
2026-01-09,All,699547,220,491,38800,690935,17207173.889999248,13453960.650000175,747918.5700000314
2026-01-09,Lyft,192532,215,412,5334,189172,4669102.970000088,3647946.7400000114,229023.31999999474
2026-01-09,Uber,507015,222,520,33466,501763,12538070.92000002,9806013.910000108,518895.2500000069
2026-01-10,All,833940,237,521,55556,829001,19580490.790000178,15432115.76000083,886697.9899999372
2026-01-10,Lyft,221529,235,447,7727,219589,5291673.719999816,4030540.6099997954,279706.03000001307
2026-01-10,Uber,612411,238,549,47829,609412,14288817.069999868,11401575.150000751,606991.9600000249
2026-01-11,All,672785,234,529,47535,668045,16281639.330001423,12765767.610000217,736663.3999999654
2026-01-11,Lyft,169557,229,434,5909,167512,4165880.5899996962,3186016.37999995,226552.5200000086
2026-01-11,Uber,503228,236,561,41626,500533,12115758.740000332,9579751.230000403,510110.8800000282
2026-01-12,All,600183,226,518,38902,590778,15428480.929999586,11665683.490000304,744933.7800000322
2026-01-12,Lyft,146974,222,450,6184,143295,3644877.4000001056,2769369.290000026,199236.15999999622
2026-01-12,Uber,453209,227,538,32718,447483,11783603.530000083,8896314.199999992,545697.620000011
2026-01-13,All,605814,220,492,32928,596737,16285238.750000793,11980606.19999993,815203.2399999513
2026-01-13,Lyft,153026,217,418,4366,149648,3863839.249999742,2952076.0699998853,213973.92000000662
2026-01-13,Uber,452788,222,516,28562,447089,12421399.500000166,9028530.130000094,601229.3200000124
2026-01-14,All,620274,226,501,35994,610116,17127297.47000055,12549472.620000169,830500.7599999754
2026-01-14,Lyft,160884,224,434,5509,157312,4174433.209999786,3155565.5999999745,222987.4000000037
2026-01-14,Uber,459390,226,523,30485,452804,12952864.26000024,9393907.020000359,607513.3600000226
2026-01-15,All,704259,224,499,40935,693618,18999448.229999356,14348355.160000432,904173.4099999818
2026-01-15,Lyft,185262,222,431,6153,181507,4778476.420000005,3621977.089999956,251396.5500000041
2026-01-15,Uber,518997,225,522,34782,512111,14220971.809999794,10726378.070000537,652776.8600000214
2026-01-16,All,784122,234,523,52990,773827,19866292.420001186,15447186.970000243,886075.5699999117
2026-01-16,Lyft,218345,232,455,8900,214440,5359704.939999699,4133357.2699999465,268182.070000013
2026-01-16,Uber,565777,235,550,44090,559387,14506587.479999725,11313829.700000154,617893.5000000121
2026-01-17,All,806362,231,510,50516,800657,18629711.270000502,14754428.37000067,852877.6699999564
2026-01-17,Lyft,230982,229,426,6580,228484,5271620.059999706,4090739.4199999347,274244.3400000119
2026-01-17,Uber,575380,232,546,43936,572173,13358091.209999563,10663688.950000416,578633.3300000344
2026-01-18,All,721685,256,572,63214,716896,16644934.169999618,12968916.700000212,735028.380000035
2026-01-18,Lyft,211630,255,484,10158,209585,4766179.909999995,3690451.3599999705,247679.68999999462
2026-01-18,Uber,510055,256,611,53056,507311,11878754.260000028,9278465.33999965,487348.6900000082
2026-01-19,All,606810,242,567,51504,599730,14994191.97000156,11550815.77000063,698078.4999999725
2026-01-19,Lyft,168662,237,467,8048,165897,4129154.249999758,3182426.209999941,225425.65000000826
2026-01-19,Uber,438148,245,601,43456,433833,10865037.72000028,8368389.560000534,472652.85000001674
2026-01-20,All,683479,239,550,52867,673211,17396251.18000022,13196751.6000006,837327.7699999673
2026-01-20,Lyft,182836,237,493,10196,179100,4354590.769999712,3332744.9799999706,239062.82000000746
2026-01-20,Uber,500643,240,569,42671,494111,13041660.409999192,9864006.620000515,598264.950000019
2026-01-21,All,678801,228,516,43197,668584,17359776.689999655,13056273.520000346,842457.2100000384
2026-01-21,Lyft,178395,224,446,6947,174695,4228569.990000074,3235847.390000007,225691.01999999705
2026-01-21,Uber,500406,230,540,36250,493889,13131206.700000048,9820426.130000023,616766.1900000169
2026-01-22,All,686127,223,494,38499,675638,18002607.20999855,13995621.440000357,878903.0599999324
2026-01-22,Lyft,184982,220,421,5468,181338,4088157.3399999957,3543925.739999941,232665.63000000795
2026-01-22,Uber,501145,225,522,33031,494300,13914449.869998612,10451695.700000666,646237.4300000045
2026-01-23,All,804588,230,503,47681,794475,19225680.909998007,15390528.460000597,860291.4099999618
2026-01-23,Lyft,226417,231,437,7065,222959,4659153.550000016,4117438.9099999475,253804.61000000825
2026-01-23,Uber,578171,230,532,40616,571516,14566527.359998852,11273089.550000746,606486.8000000296
2026-01-24,All,880274,228,496,49839,873611,19982372.970000267,15812580.320000995,870928.4500000456
2026-01-24,Lyft,246774,227,418,6412,244297,5330978.959999718,4190852.4399999864,282134.710000001
2026-01-24,Uber,633500,228,528,43427,629314,14651394.009999944,11621727.880000327,588793.7400000207
2026-01-25,All,322276,375,917,81399,317541,6704655.969999972,5321566.470000105,287859.4500000065
2026-01-25,Lyft,87157,364,1015,23148,85607,2068549.7300000049,1638666.6100000285,110698.12999999887
2026-01-25,Uber,235119,378,893,58251,231934,4636106.240000027,3682899.860000024,177161.32000000225
2026-01-26,All,439462,347,813,88325,431958,11379801.049999714,8748582.649999732,548558.2400000152
2026-01-26,Lyft,114960,343,768,20104,112880,2861181.4300000146,2203342.5599999987,158152.81999999902
2026-01-26,Uber,324502,349,825,68221,319078,8518619.619999923,6545240.089999969,390405.42000000295
2026-01-27,All,682417,357,823,142242,668499,21122853.100001566,16366415.039999565,972032.2799998855
2026-01-27,Lyft,173661,366,839,36832,169673,4783676.729999819,3735613.8899999755,255102.3000000109
2026-01-27,Uber,508756,353,819,105410,498826,16339176.370002143,12630801.149999326,716929.9799999859
2026-01-28,All,727157,329,762,126567,712445,21802783.700001348,16791891.13999977,1002541.9699999373
2026-01-28,Lyft,196079,333,751,32923,191651,5262423.19999974,4177931.7099999874,274464.7600000074
2026-01-28,Uber,531078,326,766,93644,520794,16540360.500000833,12613959.42999959,728077.2100000044
2026-01-29,All,770967,327,742,127519,755456,23700799.680000775,18214807.65999985,1082301.3900000248
2026-01-29,Lyft,216088,333,726,34652,211517,5841771.639999884,4681769.789999951,305332.30999999784
2026-01-29,Uber,554879,324,748,92867,543939,17859028.039999872,13533037.86999961,776969.0800000326
2026-01-30,All,864832,340,760,152969,849945,24743344.160000663,19442378.839999195,1059609.099999904
2026-01-30,Lyft,247673,344,724,40494,243156,6501632.629999775,5239952.069999957,318561.5300000109
2026-01-30,Uber,617159,339,775,112475,606789,18241711.530001406,14202426.769999228,741047.5700000011
2026-01-31,All,884879,295,638,102924,877690,21829672.50000191,17284421.40999977,952383.749999875
2026-01-31,Lyft,270204,290,541,18272,267575,6423815.529999463,5194521.350000072,322877.50000001537
2026-01-31,Uber,614675,297,686,84652,610115,15405856.969999539,12089900.059999028,629506.2500000166
2026-02-01,All,765007,302,664,97993,758725,19192750.23999984,15000025.239998817,816568.2099999345
2026-02-01,Lyft,240337,295,559,18635,237905,5721575.5899995975,4557495.930000009,284580.22000001173
2026-02-01,Uber,524670,305,716,79358,520820,13471174.649998462,10442529.309999015,531987.990000032
2026-02-02,All,652558,297,679,87797,640184,18214525.25,13929174.58000091,820730.3400000384
2026-02-02,Lyft,190746,295,626,21052,186623,4881952.469999837,3849333.1899999953,242755.54999999644
2026-02-02,Uber,461812,298,702,66745,453561,13332572.780000037,10079841.390000012,577974.790000017
2026-02-03,All,667409,281,625,72756,655559,18788828.960001495,14258007.58000068,873981.799999924
2026-02-03,Lyft,191775,282,586,17443,188028,4871739.21999978,3855481.359999922,247717.40000000916
2026-02-03,Uber,475634,280,641,55313,467531,13917089.740000157,10402526.220000507,626264.4000000099
2026-02-04,All,688515,268,592,64963,676110,19492563.82000139,14838519.580001011,917075.239999912
2026-02-04,Lyft,198576,272,550,14650,194826,5070164.349999712,4000157.0499999,258622.90000001085
2026-02-04,Uber,489939,266,611,50313,481284,14422399.470000194,10838362.530000642,658452.3400000047
2026-02-05,All,719454,269,593,68322,706663,20854139.870000683,15632547.040000714,961774.6300000434
2026-02-05,Lyft,209539,269,548,15378,205649,5494118.559999868,4277056.560000017,279379.7799999969
2026-02-05,Uber,509915,270,613,52944,501014,15360021.309999917,11355490.480000306,682394.850000029
2026-02-06,All,800248,269,583,72579,788365,20827000.010000907,16278746.450001271,910681.2799999241
2026-02-06,Lyft,239510,269,526,14956,236052,5722641.819999769,4568545.839999902,285198.5900000123
2026-02-06,Uber,560738,268,610,57623,552313,15104358.189999947,11710200.610000689,625482.6900000236
2026-02-07,All,951960,281,598,93512,944905,22689285.610001888,17875105.910002418,1015029.0099998458
2026-02-07,Lyft,283126,274,505,14440,280923,6282987.919999462,4982932.179999969,336164.35000002023
2026-02-07,Uber,668834,284,643,79072,663982,16406297.690000609,12892173.73000106,678864.6600000001
2026-02-08,All,841929,299,678,111138,834587,21046870.280002557,16712454.260001898,893749.1899998985
2026-02-08,Lyft,249697,280,527,15657,247484,5716793.769999299,4658044.169999912,306420.9600000177
2026-02-08,Uber,592232,310,743,95481,587103,15330076.51000074,12054410.0900013,587328.230000021
2026-02-09,All,680293,284,648,81333,668025,18565636.750000793,14466585.690000754,844398.5700000009
2026-02-09,Lyft,171526,275,552,13055,167992,4269535.429999796,3247432.110000029,225738.2800000006
2026-02-09,Uber,508767,289,679,68278,500033,14296101.319999948,11219153.58000055,618660.2900000166
2026-02-10,All,663850,260,579,58995,652497,17919873.289999697,13573502.610000586,840630.9399999658
2026-02-10,Lyft,181582,258,522,11258,178217,4348449.919999974,3399696.0299999425,228194.50000000378
2026-02-10,Uber,482268,260,602,47737,474280,13571423.369999774,10173806.580000745,612436.4400000259
2026-02-11,All,696109,260,573,60033,684046,19589764.47000107,14881763.570000518,918408.7099999357
2026-02-11,Lyft,191607,261,521,11933,187876,4740797.219999646,3709105.009999989,246971.85000000717
2026-02-11,Uber,504502,260,594,48100,496170,14848967.250000613,11172658.560000407,671436.8600000045
2026-02-12,All,754126,268,571,64349,741272,21719569.400000904,16403307.420000356,995033.909999989
2026-02-12,Lyft,208284,274,550,15240,204263,5301886.939999819,4076386.879999967,272965.63000000064
2026-02-12,Uber,545842,265,583,49109,537009,16417682.459999856,12326920.54000035,722068.2800000234
2026-02-13,All,826060,289,620,88578,814196,22951901.179999743,17865334.970000707,964432.5099999821
2026-02-13,Lyft,233793,298,591,21750,230136,5744758.5800001025,4403571.770000003,279836.4800000025
2026-02-13,Uber,592267,286,633,66828,584060,17207142.60000035,13461763.200000256,684596.030000024
2026-02-14,All,853134,283,607,87160,846925,21766397.060000792,17399403.270001292,866908.4699999344
2026-02-14,Lyft,241647,280,527,14988,239563,5652830.499999846,4467806.129999985,272404.48000001215
2026-02-14,Uber,611487,284,643,72172,607362,16113566.560000343,12931597.140000723,594503.990000029
2026-02-15,All,718704,278,603,72272,713201,18329970.820001002,14204271.500001134,734385.0399999528
2026-02-15,Lyft,215371,277,520,12735,213560,4996482.679999506,3909209.4799999357,247494.98000001037
2026-02-15,Uber,503333,279,644,59537,499641,13333488.139999362,10295062.020000646,486890.06000002206
2026-02-16,All,588371,254,568,50392,580592,15000781.529999461,11233107.750000302,661786.6600000233
2026-02-16,Lyft,179792,253,500,10042,177062,4231214.859999911,3279472.069999974,216770.07999999652
2026-02-16,Uber,408579,255,600,40350,403530,10769566.66999992,7953635.679999907,445016.58000000624
2026-02-17,All,588742,243,519,38599,578732,15822462.650000334,11763234.900000272,741071.3399999532
2026-02-17,Lyft,179549,239,451,6619,176081,4289235.499999717,3371234.3099999237,222027.1400000074
2026-02-17,Uber,409193,244,551,31980,402651,11533227.149999635,8392000.590000613,519044.2000000217
2026-02-18,All,640721,247,539,46966,630303,17100004.610000677,12683563.470000805,834519.6399999864
2026-02-18,Lyft,184741,245,487,9125,181227,4335463.499999714,3302079.7299999553,227023.1600000033
2026-02-18,Uber,455980,248,563,37841,449076,12764541.109999865,9381483.740000721,607496.4800000262
2026-02-19,All,678775,234,509,42315,668518,18133270.61000071,13763908.730000567,891558.7999999754
2026-02-19,Lyft,188151,229,436,6114,184526,4551706.519999987,3492525.2799999374,236865.38000000452
2026-02-19,Uber,490624,237,539,36201,483992,13581564.090000298,10271383.45000056,654693.4200000251
2026-02-20,All,808438,251,538,59101,798303,19863744.370000113,15556522.570001714,921909.4099998871
2026-02-20,Lyft,230155,250,479,9981,226680,5176482.449999863,4049704.9599998686,263395.9900000126
2026-02-20,Uber,578283,251,566,49120,571623,14687261.919999816,11506817.610001083,658513.419999996
2026-02-21,All,812405,253,557,65681,806755,20289054.72000122,16006933.540000767,918854.2799999395
2026-02-21,Lyft,229362,252,492,11295,227426,5360053.529999746,4108640.369999855,277200.18000001233
2026-02-21,Uber,583043,254,586,54386,579329,14929001.189999959,11898293.170000756,641654.1000000194
2026-02-22,All,583239,271,733,84871,575342,14383115.289999755,11053277.720000464,680696.0900000187
2026-02-22,Lyft,173567,272,670,21717,171081,4023172.310000065,3027315.5699999975,209523.0099999981
2026-02-22,Uber,409672,270,764,63154,404261,10359942.979999933,8025962.150000194,471173.08000000584
2026-02-23,All,160836,537,1388,70321,157957,4101864.1099997545,3197817.879999982,192493.57000000376
2026-02-23,Lyft,66990,427,905,18743,65958,1585552.0400000492,1224519.9400000146,75344.2099999988
2026-02-23,Uber,93846,687,1627,51578,91999,2516312.06999998,1973297.9399999636,117149.35999999846
2026-02-24,All,668608,299,693,92229,654496,16848169.590001978,13500139.470000265,760922.2399999633
2026-02-24,Lyft,178424,297,631,20028,174085,4371173.29999997,3491246.9299999787,219198.01000000606
2026-02-24,Uber,490184,300,717,72201,480411,12476996.290001052,10008892.539999906,541724.2300000179
2026-02-25,All,712353,289,669,91245,696420,20971243.790001705,15744276.130001022,945121.7899999013
2026-02-25,Lyft,208650,301,682,28104,204056,5797648.069999677,4457801.279999979,285379.32000001264
2026-02-25,Uber,503703,284,664,63141,492364,15173595.720000878,11286474.850000735,659742.4699999982
2026-02-26,All,736490,280,640,84733,722375,21158023.420001037,16052629.970000483,929068.5600000273
2026-02-26,Lyft,205279,277,574,17627,200649,5550779.359999752,4264577.339999966,271816.8299999985
2026-02-26,Uber,531211,281,664,67106,521726,15607244.059999835,11788052.630000472,657251.7300000223
2026-02-27,All,803443,298,675,106747,791480,21859170.970000632,17379179.68000043,902887.9299999638
2026-02-27,Lyft,209258,288,586,19000,205443,5528188.610000024,4266114.799999957,261663.7200000059
2026-02-27,Uber,594185,302,706,87747,586037,16330982.360000525,13113064.880000152,641224.2100000212
2026-02-28,All,813909,282,638,94814,808456,21824789.079999413,16893551.76000161,873088.7499999065
2026-02-28,Lyft,227691,270,531,14802,225825,6004687.799999883,4562661.949999866,284042.9600000128
2026-02-28,Uber,586218,288,679,80012,582631,15820101.28000052,12330889.810000498,589045.7900000222
2026-03-01,All,700377,281,649,84913,695009,18921574.70000033,14636237.410000445,755013.549999947
2026-03-01,Lyft,200270,263,516,12325,198463,5301234.8899999615,4057962.729999906,255047.4300000082
2026-03-01,Uber,500107,291,696,72588,496546,13620339.81000122,10578274.680000434,499966.12000002153
2026-03-02,All,649034,269,609,66209,637913,17587151.099999942,13304725.900000993,787824.5900000326
2026-03-02,Lyft,183107,259,529,12077,178962,4623914.810000062,3528100.5699999956,230037.94999999614
2026-03-02,Uber,465927,274,639,54132,458951,12963236.29,9776625.330000259,557786.6400000129
2026-03-03,All,715805,272,611,73658,704503,19846023.12000149,14560535.280001149,928994.2899999166
2026-03-03,Lyft,204361,263,529,13296,200358,5121398.24999976,3855511.0099998387,263775.5800000105
2026-03-03,Uber,511444,276,643,60362,504145,14724624.870000008,10705024.270000892,665218.7100000033
2026-03-04,All,671910,253,568,56304,660309,19234312.10000121,14344276.550000494,915006.159999927
2026-03-04,Lyft,187290,241,479,8465,183141,4903656.889999773,3786194.3599999268,255936.7300000088
2026-03-04,Uber,484620,258,601,47839,477168,14330655.209999707,10558082.190000298,659069.4300000095
2026-03-05,All,789194,279,624,86058,776064,23695253.61000046,17269020.650001407,1098650.1400000267
2026-03-05,Lyft,218938,273,559,17180,214360,5849452.459999744,4314430.439999971,305755.47000000044
2026-03-05,Uber,570256,282,648,68878,561704,17845801.150000177,12954590.210000865,792894.6700000302
2026-03-06,All,778795,264,591,73516,767600,21263365.31000058,16288434.54000025,907191.7299999344
2026-03-06,Lyft,225060,254,498,11564,221148,5810819.54999984,4526218.119999901,284734.27000000956
2026-03-06,Uber,553735,269,630,61952,546452,15452545.759999998,11762216.420000613,622457.4600000146
2026-03-07,All,812217,259,586,75420,806730,20554638.380000785,16186041.970001036,842782.0599999229
2026-03-07,Lyft,234408,247,474,9864,232513,5858259.119999756,4573559.529999927,285303.6600000126
2026-03-07,Uber,577809,266,630,65556,574217,14696379.259999864,11612482.440000964,557478.4000000267
2026-03-08,All,676680,285,663,86580,671418,18469330.9100001,14125300.500000402,750590.9199999858
2026-03-08,Lyft,205159,273,558,16435,203322,5461068.9699998945,4187462.419999964,260907.9900000069
2026-03-08,Uber,471521,291,704,70145,468096,13008261.939999565,9937838.080000473,489682.93000001437
2026-03-09,All,612363,261,599,59808,601608,17160189.749999873,13071449.140000379,783759.6399999852
2026-03-09,Lyft,174988,247,500,9696,171114,4560252.569999996,3619172.6899999278,229229.7000000035
2026-03-09,Uber,437375,267,636,50112,430494,12599937.180000076,9452276.450000452,554529.9400000169
2026-03-10,All,640784,261,590,59883,630270,18861440.160000436,14112668.360000486,887535.2299999142
2026-03-10,Lyft,187964,255,511,11078,184357,4940946.7499998305,3906123.7699999195,253976.44000000812
2026-03-10,Uber,452820,264,621,48805,445913,13920493.409999365,10206544.590000493,633558.7900000082
2026-03-11,All,674812,252,563,54862,663126,19521520.60000004,14596315.620000785,939464.9600000249
2026-03-11,Lyft,191455,245,482,8784,187212,5047022.039999871,3957628.8099999847,264590.689999999
2026-03-11,Uber,483357,255,593,46078,475914,14474498.560000058,10638686.81000048,674874.2700000238
2026-03-12,All,775596,274,616,81818,762846,23557118.079999004,17444277.430000965,1112032.509999931
2026-03-12,Lyft,223046,275,578,19568,218643,6095534.709999958,4639583.229999971,317927.56000000925
2026-03-12,Uber,552550,273,631,62250,544203,17461583.369999565,12804694.200000737,794104.9499999979
2026-03-13,All,808770,277,630,90257,797095,22372631.620001234,17243198.820001047,985682.1399998917
2026-03-13,Lyft,246977,283,582,21986,242928,6396181.199999664,5046705.880000034,311392.85000001
2026-03-13,Uber,561793,274,652,68271,554167,15976450.419998735,12196492.940000625,674289.2899999974
2026-03-14,All,840900,273,626,92799,834738,21776601.959998883,16967058.710001007,917124.4099999396
2026-03-14,Lyft,244361,271,546,17621,242502,6220631.2399999555,4678313.019999983,300190.9400000106
2026-03-14,Uber,596539,274,661,75178,592236,15555970.719999302,12288745.690000681,616933.4700000321
2026-03-15,All,711207,289,677,95616,705049,19023745.019999847,14604102.740000777,795029.7700000294
2026-03-15,Lyft,212443,283,591,20016,210647,5468992.269999825,4052124.1500000097,266753.7499999985
2026-03-15,Uber,498764,293,714,75600,494402,13554752.74999991,10551978.590000244,528276.0200000106
2026-03-16,All,668880,274,649,80185,657521,17624789.019999307,13438296.080000598,788557.3799999373
2026-03-16,Lyft,178519,269,606,17900,174669,4498373.330000045,3301084.4999999665,225995.7400000072
2026-03-16,Uber,490361,276,665,62285,482852,13126415.689999452,10137211.580000618,562561.6400000254
2026-03-17,All,672078,260,597,65167,661643,18638979.929998904,13840963.25000081,869363.179999923
2026-03-17,Lyft,193985,253,518,12096,190475,4992354.420000095,3761056.489999938,252489.07000000856
2026-03-17,Uber,478093,263,628,53071,471168,13646625.50999881,10079906.760001121,616874.1100000163
2026-03-18,All,722934,261,603,71922,711589,20719311.04999972,15365443.790000565,987363.9400000359
2026-03-18,Lyft,197053,257,538,14061,193347,5238863.000000071,3858613.250000015,272499.10999999766
2026-03-18,Uber,525881,263,626,57861,518242,15480448.050000083,11506830.540000163,714864.830000026
2026-03-19,All,736252,269,614,76503,724574,21745499.09999946,16089434.830000862,1010031.71999992
2026-03-19,Lyft,201498,258,507,11159,197675,5565609.959999955,4015687.589999983,281648.14000001014
2026-03-19,Uber,534754,274,655,65344,526899,16179889.139999483,12073747.240000458,728383.5799999946
2026-03-20,All,738148,320,728,115691,727895,21304409.319999807,15727363.330001354,918337.9599999178
2026-03-20,Lyft,199410,309,595,18925,196279,5560918.139999904,3700399.029999908,274395.5400000094
2026-03-20,Uber,538738,325,777,96766,531616,15743491.17999964,12026964.300000884,643942.4200000039
2026-03-21,All,787140,287,675,103787,781346,20821389.95000057,16240095.410000853,865830.2200000314
2026-03-21,Lyft,205148,269,522,12484,203448,5423541.989999813,3733979.7299999567,266474.68999999925
2026-03-21,Uber,581992,295,729,91303,577898,15397847.960000059,12506115.68000029,599355.530000019
2026-03-22,All,687736,286,685,93064,682000,18797960.209999986,14363577.830000758,780906.289999989
2026-03-22,Lyft,194858,266,520,12482,193227,5231542.510000143,3679131.1899999576,256233.9600000055
2026-03-22,Uber,492878,296,741,80582,488773,13566417.69999973,10684446.64000059,524672.3300000139
2026-03-23,All,647945,256,627,70921,637794,16995237.680000227,13199286.500000564,759128.729999968
2026-03-23,Lyft,148765,241,533,10883,145518,3852980.5100000296,2708047.439999933,195217.14000000386
2026-03-23,Uber,499180,261,650,60038,492276,13142257.169999689,10491239.060000546,563911.5900000181
2026-03-24,All,634296,233,533,45274,623986,17753545.379999917,13104076.740000572,833728.050000035
2026-03-24,Lyft,168377,227,443,6231,165176,4494748.379999893,3246335.040000006,230118.63999999771
2026-03-24,Uber,465919,236,565,39043,458810,13258796.999999996,9857741.700000292,603609.4100000209
2026-03-25,All,669117,233,537,47835,658169,18928419.979999162,13923113.120000357,892603.5499999142
2026-03-25,Lyft,169950,221,425,5004,166501,4703842.789999921,3301335.149999977,240865.73000000513
2026-03-25,Uber,499167,239,572,42831,491668,14224577.189999329,10621777.970000325,651737.8200000008
2026-03-26,All,714114,246,568,60110,702547,20827731.149999857,15548253.100000434,947031.5899999127
2026-03-26,Lyft,183685,231,451,6870,180115,5221423.359999798,3740378.409999978,258209.47000000824
2026-03-26,Uber,530429,252,605,53240,522432,15606307.789999785,11807874.690000188,688822.1199999956
2026-03-27,All,779876,243,564,65139,769233,20951684.950000413,15927388.920000756,901696.110000035
2026-03-27,Lyft,215344,231,446,7796,212052,5741650.859999762,4203054.559999989,269826.10999999684
2026-03-27,Uber,564532,250,606,57343,557181,15210034.090000251,11724334.36000017,631870.0000000189
2026-03-28,All,836238,254,588,78414,830811,20982870.979999676,16479778.920000628,871327.2999999851
2026-03-28,Lyft,219796,237,446,7145,218193,5620377.390000097,4100452.0999999586,270837.8800000048
2026-03-28,Uber,616442,263,636,71269,612618,15362493.589999437,12379326.82000015,600489.4200000201
2026-03-29,All,696487,267,627,77495,691115,18041810.390000034,14071118.26000078,734488.1499999511
2026-03-29,Lyft,186202,243,462,7186,184542,4905141.739999919,3517148.4199998975,236392.80000000726
2026-03-29,Uber,510285,280,680,70309,506573,13136668.649999412,10553969.8400002,498095.35000002454
2026-03-30,All,603230,242,581,54234,593424,16052067.279999843,12297012.13000049,717518.6600000011
2026-03-30,Lyft,143207,222,441,5574,139807,3904821.9499998325,2794440.7300000135,199182.1200000014
2026-03-30,Uber,460023,250,616,48660,453617,12147245.330000104,9502571.40000039,518336.5400000172
2026-03-31,All,605443,229,531,42141,595597,16836052.209998913,12323078.050000861,756091.9199999614
2026-03-31,Lyft,156559,216,406,3872,153362,4253925.83999987,3085997.4999999185,215946.72000000454
2026-03-31,Uber,448884,236,571,38269,442235,12582126.369999101,9237080.550000606,540145.2000000254
2026-04-01,All,640174,231,535,45326,629665,17958663.01000058,13240872.860000605,819583.2199999363
2026-04-01,Lyft,165395,218,417,4667,162005,4577718.689999817,3289377.029999978,237501.83000000534
2026-04-01,Uber,474779,237,572,40659,467660,13380944.319999922,9951495.830000442,582081.3900000136
2026-04-02,All,680792,221,512,42440,671181,18123492.369999673,13467591.860000452,830904.0900000226
2026-04-02,Lyft,165370,207,381,2953,162161,4497282.350000024,3211947.0699999905,238136.13999999934
2026-04-02,Uber,515422,228,550,39487,509020,13626210.020000141,10255644.790000135,592767.950000011
2026-04-03,All,688168,232,537,49935,679830,17542953.43000022,13485235.89000067,766336.2399999464
2026-04-03,Lyft,175250,219,409,4192,172264,4571237.429999858,3372269.5099999374,228503.64000000845
2026-04-03,Uber,512918,239,578,45743,507566,12971715.99999997,10112966.380000653,537832.6000000269
2026-04-04,All,784943,245,565,65988,779896,19248034.890000682,15287989.700000672,790842.4599999645
2026-04-04,Lyft,195503,230,440,6678,193744,4955165.219999731,3676110.0199999083,238850.98000000732
2026-04-04,Uber,589440,251,603,59310,586152,14292869.670000002,11611879.680000508,551991.480000026
2026-04-05,All,687360,269,636,78844,682134,16867970.719999406,13610180.320000418,707120.43000002
2026-04-05,Lyft,165005,244,476,7562,163098,4198719.390000058,3084419.859999989,214218.49999999837
2026-04-05,Uber,522355,281,679,71282,519036,12669251.329999566,10525760.460000278,492901.9300000041
2026-04-06,All,559677,232,559,45180,550927,14621339.07000097,11297690.160000546,677214.7199999747
2026-04-06,Lyft,127028,211,398,3308,123728,3362628.829999848,2483195.2999999546,176090.51000000368
2026-04-06,Uber,432649,241,596,41872,427199,11258710.240000099,8814494.8600005,501124.21000002115
2026-04-07,All,603637,223,524,39952,594940,15997458.000001412,11912802.680000264,766438.900000007
2026-04-07,Lyft,144454,206,385,3064,141296,3720474.8999997107,2767416.5500000003,207119.11000000083
2026-04-07,Uber,459183,230,561,36888,453644,12276983.099999715,9145386.130000379,559319.7900000181
2026-04-08,All,633486,220,514,39818,624369,16953803.64000257,12608370.270000167,830896.879999949
2026-04-08,Lyft,154313,206,381,2935,150996,3957002.8599992297,2991289.8699999135,224400.54000000723
2026-04-08,Uber,479173,227,552,36883,473373,12996800.77999984,9617080.400000634,606496.3400000277
2026-04-09,All,674932,221,510,41738,665489,18615630.340004157,13916514.860000022,902562.7499999254
2026-04-09,Lyft,165781,207,383,3141,162411,4331827.789998937,3275716.0099999337,245489.78000000952
2026-04-09,Uber,509151,227,548,38597,503078,14283802.549999746,10640798.850000279,657072.9700000094
2026-04-10,All,745537,231,529,51706,736366,19433150.28999944,15071061.970000843,873275.4600000333
2026-04-10,Lyft,192792,219,403,4187,189574,4940473.900000185,3746666.8399999742,256899.77999999683
2026-04-10,Uber,552745,236,571,47519,546792,14492676.389999896,11324395.130000293,616375.6800000183
2026-04-11,All,807377,246,561,66392,802164,20649084.07000232,16443154.790000565,897979.8299999454
2026-04-11,Lyft,216814,236,440,6882,214908,5448551.309999384,4138114.309999947,276177.7400000085
2026-04-11,Uber,590563,252,603,59510,587256,15200532.760000192,12305040.480000418,621802.0900000248
2026-04-12,All,702095,265,625,77390,697008,18046845.69000296,14528101.050000664,787436.1999999458
2026-04-12,Lyft,174217,244,462,6845,172318,4343829.149999009,3287278.910000035,236633.76000000772
2026-04-12,Uber,527878,276,671,70545,524690,13703016.539999543,11240822.140000202,550802.4400000172
2026-04-13,All,616172,246,596,59378,606537,16462522.100000901,13089871.610000627,833837.2699999908
2026-04-13,Lyft,134860,224,439,4972,131290,3472538.240000131,2654919.919999998,203777.71999999954
2026-04-13,Uber,481312,254,632,54406,475247,12989983.860000117,10434951.690000353,630059.5500000186
2026-04-14,All,636613,242,560,51734,626592,18112552.34000441,13419369.40000002,902819.4199999316
2026-04-14,Lyft,165725,230,444,5857,162188,4272864.149999122,3262860.659999951,234295.14000000752
2026-04-14,Uber,470888,246,598,45877,464404,13839688.190000473,10156508.740000438,668524.280000002
2026-04-15,All,682249,244,563,56243,671249,20007916.430002596,14929172.730000634,1010777.5199999061
2026-04-15,Lyft,187692,238,466,7831,183897,5008071.42999876,3843454.529999907,269699.65000001015
2026-04-15,Uber,494557,247,599,48412,487352,14999844.99999959,11085718.20000038,741077.869999991
2026-04-16,All,718908,250,575,63047,707275,21607554.169999763,16397929.48000098,1092055.3000000117
2026-04-16,Lyft,194366,241,479,9281,190327,5213736.479999971,3998331.869999985,284666.2699999985
2026-04-16,Uber,524542,254,609,53766,516948,16393817.690000037,12399597.610000398,807389.0300000273
2026-04-17,All,780157,253,569,66528,769155,22247949.71000356,16939690.680000797,1006214.7099999086
2026-04-17,Lyft,252140,252,491,12664,248295,6676441.589998607,5108892.780000065,306873.84000001155
2026-04-17,Uber,528017,253,608,53864,520860,15571508.119999565,11830797.900000647,699340.8700000059
2026-04-18,All,850973,259,569,72783,845047,22501015.50999983,17608806.140000805,978246.1999998754
2026-04-18,Lyft,271237,259,479,11553,268869,6843837.9699997315,5390935.670000085,327071.470000015
2026-04-18,Uber,579736,259,615,61230,576178,15657177.539999435,12217870.470000474,651174.730000008
2026-04-19,All,734521,258,591,69975,728494,18974391.910000373,15042010.78000082,861045.399999946
2026-04-19,Lyft,218958,251,479,10165,216405,5441633.089999875,4220927.979999939,275562.76000001054
2026-04-19,Uber,515563,262,638,59810,512089,13532758.819999572,10821082.800000496,585482.6400000249
2026-04-20,All,635147,238,553,50158,624703,17585654.510000303,13314004.190000417,840210.8400000248
2026-04-20,Lyft,186545,232,462,8273,182493,4837601.540000086,3736429.120000005,249096.64999999898
2026-04-20,Uber,448602,241,588,41885,442210,12748052.969999827,9577575.070000209,591114.1900000144
2026-04-21,All,654837,233,534,46669,644714,18346740.06000029,13741118.880000703,889490.1499999205
2026-04-21,Lyft,188389,228,449,7543,184547,4923922.689999903,3811289.529999978,253748.02000001038
2026-04-21,Uber,466448,235,566,39126,460167,13422817.36999995,9929829.350000616,635742.130000013
2026-04-22,All,689805,233,532,48609,679009,19860683.090000592,14923207.700000405,975413.5899999636
2026-04-22,Lyft,188434,229,451,7371,184376,5093739.55999987,3875089.7399999993,271071.0600000075
2026-04-22,Uber,501371,235,563,41238,494633,14766943.529999727,11048117.960000435,704342.5300000216
2026-04-23,All,708036,243,550,54760,696624,21578649.070000134,16300832.720000528,1039293.4699999695
2026-04-23,Lyft,196228,237,463,8032,191956,5496500.930000083,4154135.9999999716,291275.59000000334
2026-04-23,Uber,511808,246,584,46728,504668,16082148.14000022,12146696.719999965,748017.8800000199
2026-04-24,All,790451,243,541,58847,779691,21252332.77000032,16964058.090000812,969512.3999998778
2026-04-24,Lyft,228905,238,451,8075,225056,5460713.499999894,4590189.470000017,283456.620000011
2026-04-24,Uber,561546,246,581,50772,554635,15791619.27000018,12373868.620000534,686055.7799999849
2026-04-25,All,939517,277,610,97077,933057,23998869.860001545,18727670.480001606,1066472.4699998498
2026-04-25,Lyft,261260,273,507,13828,258714,6480185.289999602,4766210.220000023,331674.8500000144
2026-04-25,Uber,678257,280,653,83249,674343,17518684.569999956,13961460.260001563,734797.6199999959
2026-04-26,All,704141,269,622,76462,697894,18931452.95000038,14972791.360000405,823813.9599999839
2026-04-26,Lyft,196942,259,499,10810,194459,5216671.139999889,3950647.0999999614,264594.54000000603
2026-04-26,Uber,507199,274,666,65652,503435,13714781.809999993,11022144.260000197,559219.4200000132
2026-04-27,All,604390,234,544,45801,593810,16839173.099999823,12794440.560000382,794261.3799999668
2026-04-27,Lyft,164801,224,434,5498,160958,4460905.420000032,3371993.1799999825,230198.34000000524
2026-04-27,Uber,439589,239,585,40303,432852,12378267.6799996,9422447.380000342,564063.0400000198
2026-04-28,All,628559,226,514,39615,618482,17770458.10999971,13257805.27000067,868599.6799999205
2026-04-28,Lyft,168213,216,413,4468,164603,4572851.079999788,3445441.989999957,241084.69000001016
2026-04-28,Uber,460346,229,548,35147,453879,13197607.029999556,9812363.280000236,627514.9900000077
2026-04-29,All,688021,233,531,47993,677224,20081592.580000043,15017333.360000778,979147.8700000371
2026-04-29,Lyft,176626,225,434,5670,173008,4877588.629999993,3608190.320000015,261843.9399999972
2026-04-29,Uber,511395,237,563,42323,504216,15204003.949999947,11409143.040000422,717303.9300000183
2026-04-30,All,725278,236,536,52366,713440,21725315.27999975,16398923.659999918,1034466.1199998996
2026-04-30,Lyft,193852,230,453,7495,189681,5534005.889999812,4174795.069999997,293325.0900000114
2026-04-30,Uber,531426,239,567,44871,523759,16191309.389999595,12224128.590000354,741141.0299999842
2026-05-01,All,780872,247,551,60818,770274,21829453.190000493,17000390.850000903,957623.0599998849
2026-05-01,Lyft,232519,241,466,9272,228662,6171526.139999565,4853139.799999933,299035.3700000135
2026-05-01,Uber,548353,250,590,51546,541612,15657927.05000007,12147251.05000094,658587.6900000058
2026-05-02,All,826016,239,530,58098,820089,20933073.240000434,16723640.870000307,910762.500000003
2026-05-02,Lyft,247862,233,435,7338,245505,6123871.529999859,4888056.35999994,298614.7800000071
2026-05-02,Uber,578154,242,574,50760,574584,14809201.710000148,11835584.510000603,612147.7200000228
2026-05-03,All,676137,272,619,73358,670256,18580281.26999962,14558622.580000384,813383.9000000003
2026-05-03,Lyft,204967,259,502,11603,202690,5411625.870000064,4195267.680000003,266371.88000000315
2026-05-03,Uber,471170,280,671,61755,467566,13168655.399999646,10363354.900000282,547012.020000015
2026-05-04,All,618180,251,578,54558,608588,16955028.330000225,13244632.290000433,813435.8799999323
2026-05-04,Lyft,163449,262,503,8801,160291,4310888.819999808,3385533.509999988,229592.70000000976
2026-05-04,Uber,454731,246,605,45757,448297,12644139.509999719,9859098.780000467,583843.1800000032
2026-05-05,All,672269,253,566,55922,662529,19020546.560000215,14473454.970000902,893811.3100000111
2026-05-05,Lyft,193562,266,499,9769,190434,5038023.529999858,3983229.7899999823,256283.49000000174
2026-05-05,Uber,478707,247,596,46153,472095,13982523.030000005,10490225.180000372,637527.8200000217
2026-05-06,All,710052,252,564,58541,699427,20847893.40000037,15497753.000000753,1002986.6999999249
2026-05-06,Lyft,205534,266,503,10774,202265,5439491.509999836,4204721.199999991,284907.33000000904
2026-05-06,Uber,504518,246,592,47767,497162,15408401.889999855,11293031.800000867,718079.3700000062
2026-05-07,All,709667,249,554,55572,698892,21256496.730001412,16187402.030000484,1080010.3899998826
2026-05-07,Lyft,204174,263,499,10313,200800,5576909.829999646,4366278.599999932,295353.21000000945
2026-05-07,Uber,505493,242,580,45259,498092,15679586.900000101,11821123.4300007,784657.1799999768
2026-05-08,All,789352,259,571,67550,778974,21802408.48000029,17190583.71000084,1015153.8599999859
2026-05-08,Lyft,229239,273,509,12279,226035,5999131.7899999255,4749647.019999951,298581.80000000476
2026-05-08,Uber,560113,252,601,55271,552939,15803276.68999986,12440936.690000655,716572.0600000228
2026-05-09,All,853153,263,577,75691,847550,21730954.970000323,17270524.580000926,954913.8300000159
2026-05-09,Lyft,241640,275,505,12415,239870,6147060.639999944,4775111.929999936,304357.5500000019
2026-05-09,Uber,611513,258,610,63276,607680,15583894.329999898,12495412.65000058,650556.2800000126
2026-05-10,All,732535,293,652,89954,727153,19884102.630001288,15648893.920001099,861562.1499999237
2026-05-10,Lyft,212836,302,572,17926,210950,5773376.929999907,4439300.139999888,280181.98000000877
2026-05-10,Uber,519699,289,686,72028,516203,14110725.700000294,11209593.78000051,581380.1700000169
2026-05-11,All,613607,249,562,50249,603495,17743859.449999418,13292607.87000094,883545.3099999162
2026-05-11,Lyft,184711,267,513,10825,181521,4910814.78999983,3833287.319999961,252839.05000000962
2026-05-11,Uber,428896,240,586,39424,421974,12833044.659999644,9459320.55000052,630706.2600000044
2026-05-12,All,646709,250,543,47245,636825,19558076.68999994,14589706.940000296,991774.2200000095
2026-05-12,Lyft,196565,267,501,10039,193391,5276870.700000019,4130356.3299999926,277714.8700000006
2026-05-12,Uber,450144,241,564,37206,443434,14281205.989999982,10459350.609999992,714059.3500000283
2026-05-13,All,684055,257,561,55034,673327,21670830.350001134,16163877.980001599,1097501.1799998481
2026-05-13,Lyft,208248,273,522,12809,205029,5756874.929999725,4474435.530000131,306223.05000000884
2026-05-13,Uber,475807,248,579,42225,468298,15913955.420000255,11689442.45000165,791278.1299999681
2026-05-14,All,736972,265,577,64910,725347,24043527.15000101,18071450.310000215,1213208.669999869
2026-05-14,Lyft,217235,280,541,15239,213800,6252240.56999981,4781636.109999981,341697.4500000073
2026-05-14,Uber,519737,257,594,49671,511547,17791286.58000046,13289814.200000402,871511.2199999717
2026-05-15,All,779735,276,597,75097,768636,23758680.60000042,18360246.010000847,1104055.4000000055
2026-05-15,Lyft,240428,291,550,17563,237151,6729158.109999979,5211490.180000028,341794.8700000012
2026-05-15,Uber,539307,269,619,57534,531485,17029522.489999745,13148755.830000957,762260.5300000298
2026-05-16,All,813253,298,637,94269,805713,24965868.270000905,19093552.78000077,1092192.3099998827
2026-05-16,Lyft,255834,309,568,20860,253617,7345134.519999829,5469014.299999905,361939.36000000633
2026-05-16,Uber,557419,292,673,73409,552096,17620733.75000085,13624538.48000051,730252.9500000076
2026-05-17,All,718625,311,668,94234,711619,22411338.109999705,16722122.990001017,964373.6799998824
2026-05-17,Lyft,247852,321,602,24806,245722,7054994.919999693,5332003.389999981,336411.1500000045
2026-05-17,Uber,470773,305,707,69428,465897,15356343.190000726,11390119.600000704,627962.5300000018
2026-05-18,All,628671,274,595,60038,617101,19569147.97000017,14454788.04000092,962258.0199999774
2026-05-18,Lyft,214897,293,561,16696,211480,5963393.9299999075,4713014.0700000115,304224.73000000475
2026-05-18,Uber,413774,262,617,43342,405621,13605754.039999824,9741773.97000053,658033.2900000247
2026-05-19,All,677887,279,609,69229,666584,21239654.65000173,15850436.8100016,1070188.6599998907
2026-05-19,Lyft,218164,295,565,17480,214685,5994476.519999731,4672926.369999938,320362.3800000088
2026-05-19,Uber,459723,271,632,51749,451899,15245178.129999828,11177510.44000102,749826.2799999927
2026-05-20,All,744772,303,672,98113,732464,24737710.810002167,17961381.080002386,1231716.269999859
2026-05-20,Lyft,224876,317,627,25143,221366,6490178.57999963,4733202.909999951,352722.45000000356
2026-05-20,Uber,519896,296,693,72970,511098,18247532.230000027,13228178.17000234,878993.8199999583
2026-05-21,All,726960,278,611,74790,714696,23401929.72999956,17570667.880001575,1157601.5599999595
2026-05-21,Lyft,227142,290,560,17859,223588,6642684.00999981,5128437.4199999925,355863.77000000665
2026-05-21,Uber,499818,272,636,56931,491108,16759245.719999548,12442230.46000076,801737.790000031
2026-05-22,All,737477,256,553,57374,726769,20238567.98999961,15742299.360001355,914667.2199999314
2026-05-22,Lyft,236062,270,505,12278,232730,6396822.279999822,5052693.930000008,320552.610000008
2026-05-22,Uber,501415,247,581,45096,494039,13841745.709999543,10689605.430000827,594114.610000028
2026-05-23,All,795579,258,556,63230,789930,19409492.220000632,15294053.960001338,865998.0599998913
2026-05-23,Lyft,256905,271,497,12671,255058,6372474.069999734,4979979.77,322352.0000000103
2026-05-23,Uber,538674,250,588,50559,534872,13037018.150000645,10314074.190000944,543646.0600000308
2026-05-24,All,689458,267,581,62352,684692,16658304.650001144,12977503.22000125,716435.1499999774
2026-05-24,Lyft,224790,278,514,12539,223147,5506749.529999884,4274058.739999931,274468.4800000097
2026-05-24,Uber,464668,261,620,49813,461545,11151555.120000001,8703444.480000481,441966.6700000182
2026-05-25,All,545860,263,602,54317,541035,14299914.75000015,10889322.210000219,611961.5300000196
2026-05-25,Lyft,188336,272,527,12417,186438,4875760.430000068,3819923.579999975,235527.38000000603
2026-05-25,Uber,357524,258,642,41900,354597,9424154.319999851,7069398.630000245,376434.1500000116
2026-05-26,All,607197,254,556,47940,597717,17078973.620000172,12946546.430000233,790022.9999999413
2026-05-26,Lyft,198586,271,509,10846,195275,5187063.369999771,4161807.70999997,257288.59000000704
2026-05-26,Uber,408611,245,583,37094,402442,11891910.249999287,8784738.720000586,532734.4100000277
2026-05-27,All,628581,294,636,72065,619432,18357315.74999989,13544656.46000062,883092.9500000258
2026-05-27,Lyft,190292,304,558,14284,187287,5013359.330000106,3814179.240000015,266290.3099999996
2026-05-27,Uber,438289,289,675,57781,432145,13343956.420000013,9730477.220000086,616802.6400000162
2026-05-28,All,690110,283,624,74822,679982,20688158.69000034,15482720.840000222,987122.3699998842
2026-05-28,Lyft,215834,287,540,14433,212568,5862501.2299997285,4548478.78999997,307599.34000000654
2026-05-28,Uber,474276,281,664,60389,467414,14825657.459999684,10934242.050000705,679523.029999996
2026-05-29,All,764720,279,616,80819,754876,21074414.330000546,16659988.600000866,949831.4899998963
2026-05-29,Lyft,228131,285,531,14461,224954,6170528.18999972,4825797.139999983,313735.0300000112
2026-05-29,Uber,536589,276,657,66358,529922,14903886.13999991,11834191.460000444,636096.4600000166
2026-05-30,All,829726,277,601,82423,824234,21311501.000001006,16931093.600000255,928822.2900000468
2026-05-30,Lyft,246575,283,517,13696,244793,6406763.959999895,4942982.409999955,326924.1500000027
2026-05-30,Uber,583151,274,642,68727,579441,14904737.040000092,11988111.190000223,601898.1400000195
2026-05-31,All,697557,308,690,97716,691974,19541717.870000727,15176762.790000346,836339.5599999579
2026-05-31,Lyft,213683,303,576,18409,211744,5874421.709999962,4469534.119999934,296391.2000000082
2026-05-31,Uber,483874,311,741,79307,480230,13667296.160000658,10707228.67000045,539948.3600000208
2026-06-01,All,612295,270,609,62532,602179,17789201.380000718,13472170.400000373,846198.109999931
2026-06-01,Lyft,177093,275,528,11331,173770,4911158.269999713,3750968.429999881,259404.9400000103
2026-06-01,Uber,435202,268,642,51201,428409,12878043.110000007,9721201.970000645,586793.170000014
2026-06-02,All,638079,259,577,56332,628621,18387424.95000025,14175000.550000304,927635.8599999954
2026-06-02,Lyft,165602,268,509,9186,162528,4667750.220000042,3587848.2799999956,259120.01000000074
2026-06-02,Uber,472477,256,603,47146,466093,13719674.730000246,10587152.27000006,668515.8500000238
2026-06-03,All,704856,271,606,70958,694478,20762557.189999953,16056228.730001038,1038420.969999881
2026-06-03,Lyft,176900,276,529,11282,173600,5163294.7699998,3883786.269999915,292849.5800000088
2026-06-03,Uber,527956,269,633,59676,520878,15599262.42000042,12172442.460000671,745571.3899999794
2026-06-04,All,729904,277,611,75610,719321,22098747.950000748,17101101.04000106,1113202.0999998976
2026-06-04,Lyft,184554,281,539,12628,181258,5614648.929999836,4205931.899999956,321320.650000007
2026-06-04,Uber,545350,275,639,62982,538063,16484099.020000271,12895169.14000017,791881.4499999979
2026-06-05,All,798331,288,644,94100,788152,22404761.67000039,17836851.530000612,1059841.7199999916
2026-06-05,Lyft,207144,289,555,15712,204060,5918296.319999944,4456645.919999983,328137.8000000027
2026-06-05,Uber,591187,287,677,78388,584092,16486465.350000273,13380205.610000439,731703.9200000286
2026-06-06,All,902856,333,745,152261,896600,25220670.880001195,20176155.880000386,1114578.7299999152
2026-06-06,Lyft,221513,319,614,23626,219711,6230677.310000044,4367549.019999911,341093.65000000916
2026-06-06,Uber,681343,338,786,128635,676889,18989993.570000816,15808606.860000309,773485.0800000185
2026-06-07,All,710229,313,701,103694,704036,20080033.960000675,15636556.190000758,894764.4899999079
2026-06-07,Lyft,198122,306,582,17690,196364,5519609.779999914,4112660.099999883,300122.26000000443
2026-06-07,Uber,512107,316,749,86004,507672,14560424.180000698,11523896.090000262,594642.2300000137
2026-06-08,All,581314,275,639,67103,571922,17064114.290000264,13071040.760000907,816818.6999999944
2026-06-08,Lyft,117202,282,555,9074,115086,3189763.899999932,2446272.319999989,180113.3099999988
2026-06-08,Uber,464112,273,661,58029,456836,13874350.390000012,10624768.440000458,636705.3900000226
2026-06-09,All,600182,268,606,60658,591573,17810710.96999914,13347834.070000986,886482.019999916
2026-06-09,Lyft,113548,275,524,7002,111614,3129673.8299999107,2389383.369999995,181481.9400000037
2026-06-09,Uber,486634,266,626,53656,479959,14681037.139999643,10958450.700000467,705000.0799999794
2026-06-10,All,641057,261,593,61064,631533,18725936.439999852,14289403.610000784,942075.9299999264
2026-06-10,Lyft,113530,276,530,7154,111414,3123094.289999851,2399890.470000012,184354.61000000229
2026-06-10,Uber,527527,257,609,53910,520119,15602842.149999747,11889513.140000751,757721.3199999834
2026-06-11,All,726475,303,686,100421,716240,22227542.890000306,16902668.18000036,1101992.590000011
2026-06-11,Lyft,136629,302,597,13186,134443,3887732.930000025,2902541.5999999996,225850.5799999987
2026-06-11,Uber,589846,303,706,87235,581797,18339809.96000035,14000126.580000326,876142.0100000347
2026-06-12,All,732259,306,700,106254,722887,20952979.259999458,16458211.75000025,958500.7799999114
2026-06-12,Lyft,134260,304,594,12730,132438,3627351.3699999303,2744156.5899999267,197257.80000000529
2026-06-12,Uber,597999,306,725,93524,590449,17325627.88999915,13714055.160000453,761242.9799999747
2026-06-13,All,751430,308,690,105689,745359,20819781.110000655,15885128.790001154,880463.959999913
2026-06-13,Lyft,172623,306,576,14851,171193,4621484.739999871,3483728.659999982,241646.52000000677
2026-06-13,Uber,578807,308,728,90838,574166,16198296.36999916,12401400.130000759,638817.4400000146
2026-06-14,All,679293,348,812,135279,673924,21177808.060000576,16010211.460000508,804675.2200000244
2026-06-14,Lyft,146701,330,630,17012,145575,4309709.529999994,2951599.219999994,215160.64999999717
2026-06-14,Uber,532592,356,857,118267,528349,16868098.530000586,13058612.240000363,589514.5700000147
2026-06-15,All,618612,283,646,73839,608612,17833098.390000556,13493516.270000739,840138.9699999333
2026-06-15,Lyft,178485,287,564,14392,175347,4751588.439999839,3622650.5299999737,253159.99000000753
2026-06-15,Uber,440127,280,682,59447,433265,13081509.94999966,9870865.740000093,586978.9800000184
2026-06-16,All,631611,265,583,57160,621565,18175323.050000317,13581832.920000391,886987.559999923
2026-06-16,Lyft,187312,276,525,11682,184052,4934425.32999981,3815647.7399999667,266281.78000000736
2026-06-16,Uber,444299,259,609,45478,437513,13240897.720000101,9766185.180000443,620705.7800000204
2026-06-17,All,688987,276,612,71278,678522,20310456.010000866,15360140.130000332,1003454.2399999832
2026-06-17,Lyft,188069,279,540,12895,184793,5170355.359999785,3875398.689999963,289728.8500000029
2026-06-17,Uber,500918,274,641,58383,493729,15140100.650000228,11484741.440000204,713725.3900000192
2026-06-18,All,749438,300,675,99759,738298,22380272.52000091,17125735.16000026,1030512.1899998772
2026-06-18,Lyft,205589,299,585,18638,202156,5751806.88999972,4222072.46999991,306083.06000000617
2026-06-18,Uber,543849,301,712,81121,536142,16628465.629999904,12903662.69000023,724429.1299999806
2026-06-19,All,728558,283,635,83399,720709,20429484.649999827,15880958.270000117,911639.0999999132
2026-06-19,Lyft,213963,283,542,14867,211278,5795973.209999791,4372364.949999889,297413.1300000112
2026-06-19,Uber,514595,282,678,68532,509431,14633511.439999877,11508593.320000045,614225.9700000223
2026-06-20,All,785326,285,640,91806,779629,21038465.729999613,16466783.870000698,891037.0400000312
2026-06-20,Lyft,237499,286,542,16539,235789,6162031.489999957,4660500.289999994,309346.0500000011
2026-06-20,Uber,547827,284,688,75267,543840,14876434.24000027,11806283.580000408,581690.990000019
2026-06-21,All,687698,310,702,100529,681997,19116651.77999993,14549919.680000652,793889.8999999376
2026-06-21,Lyft,212769,306,583,19097,211138,5678448.729999902,4268404.659999926,281688.2700000094
2026-06-21,Uber,474929,313,758,81432,470859,13438203.049999781,10281515.020000314,512201.63000002754
2026-06-22,All,635099,285,647,75780,625212,17835550.490000643,13311738.320000913,824292.2999999376
2026-06-22,Lyft,189028,289,566,15380,185908,4773294.589999866,3571638.5299999923,247746.43000000773
2026-06-22,Uber,446071,283,683,60400,439304,13062255.899999442,9740099.79000039,576545.8700000136
2026-06-23,All,656192,271,611,67776,646475,18945199.299999785,14016987.870000398,932075.2300000172
2026-06-23,Lyft,193704,280,551,14437,190627,5056452.499999942,3823253.6899999767,274421.1799999994
2026-06-23,Uber,462488,266,638,53339,455848,13888746.800000066,10193734.17999994,657654.0500000183
2026-06-24,All,662651,274,608,67537,652722,20055006.00999979,14936312.460000377,969671.6899999033
2026-06-24,Lyft,194452,283,540,13322,191376,5215853.84999984,3942677.1699999887,279373.6500000057
2026-06-24,Uber,468199,270,639,54215,461346,14839152.15999953,10993635.290000306,690298.0399999962
2026-06-25,All,701628,273,600,68712,691393,21015638.850000184,15716390.140000826,988490.1299999203
2026-06-25,Lyft,208718,282,529,13077,205513,5684239.299999784,4297795.7499999795,295480.3900000068
2026-06-25,Uber,492910,268,632,55635,485880,15331399.549999734,11418594.390000528,693009.7400000106
2026-06-26,All,764880,281,623,83513,755461,21497924.90999943,16424831.300000329,957541.5200000093
2026-06-26,Lyft,225776,289,546,15875,223018,5947067.269999947,4493715.939999969,304326.92000000086
2026-06-26,Uber,539104,277,661,67638,532443,15550857.640000172,11931115.359999914,653214.6000000247
2026-06-27,All,777749,281,628,86897,771944,21207297.020000238,16323553.640001457,908734.6399998899
2026-06-27,Lyft,237353,290,550,17557,235734,5983760.619999869,4494913.759999912,304356.6100000094
2026-06-27,Uber,540396,277,665,69340,536210,15223536.399999242,11828639.880000792,604378.0300000146
2026-06-28,All,683318,306,685,95623,677860,19455664.849999905,14660413.20000119,803094.2199999334
2026-06-28,Lyft,212155,308,590,19934,210631,5547695.899999779,4139547.4799999828,279344.51000000845
2026-06-28,Uber,471163,306,731,75689,467229,13907968.949999202,10520865.720000632,523749.710000034
2026-06-29,All,589052,259,569,50019,580195,16588884.699999917,12230545.060000166,752942.110000024
2026-06-29,Lyft,184593,270,501,9469,181793,4710627.459999979,3575651.780000007,238651.10999999914
2026-06-29,Uber,404459,252,604,40550,398402,11878257.239999972,8654893.279999983,514291.00000001234
2026-06-30,All,606509,253,550,46175,597503,16929155.730000257,12781551.08000029,795558.7599999269
2026-06-30,Lyft,183242,264,489,8657,180257,4687891.189999826,3603799.7699999446,247591.07000000877
2026-06-30,Uber,423267,247,578,37518,417246,12241264.539999932,9177751.309999993,547967.6900000212
2026-07-01,All,669042,258,556,52998,659524,18306909.80999986,13853666.170001233,826594.2499999376
2026-07-01,Lyft,201866,268,492,9285,198809,5200371.419999761,3943312.7999999844,264619.15000000794
2026-07-01,Uber,467176,252,589,43713,460715,13106538.390000163,9910353.370000377,561975.1000000199
2026-07-02,All,707308,268,582,64171,698202,18822819.450000096,14417321.030000484,823427.5700000273
2026-07-02,Lyft,218587,279,521,12770,215646,5559843.269999964,4221557.109999949,277550.7999999982
2026-07-02,Uber,488721,263,615,51401,482556,13262976.180000342,10195763.920000106,545876.7700000111
2026-07-03,All,721953,267,590,68099,716113,17542400.579999655,13563522.990001345,760002.0999999379
2026-07-03,Lyft,221306,274,515,12480,219623,5310637.899999854,4014954.6099997927,269402.24000001146
2026-07-03,Uber,500647,263,628,55619,496490,12231762.679999385,9548568.38000087,490599.8600000308
2026-07-04,All,664415,302,708,97696,659895,16985943.210000053,13204606.000001106,684181.2099999661
2026-07-04,Lyft,193042,298,582,17355,191710,4771101.719999794,3530031.509999942,230108.06000000823
2026-07-04,Uber,471373,306,762,80341,468185,12214841.4899996,9674574.490000391,454073.15000002633
2026-07-05,All,608449,290,672,79980,603958,16252961.569999482,12425949.9900004,643494.3400000164
2026-07-05,Lyft,187325,292,568,15741,185958,4815126.180000067,3605844.629999973,225536.88999999885
2026-07-05,Uber,421124,289,720,64239,418000,11437835.390000131,8820105.360000093,417957.4500000037
2026-07-06,All,637419,277,629,71335,629229,16818463.220002554,12572665.660000375,733353.4399999443
2026-07-06,Lyft,184094,284,552,13764,181423,4693790.609999914,3523152.199999924,236317.6700000091
2026-07-06,Uber,453325,273,662,57571,447806,12124672.610000975,9049513.460000595,497035.7700000283
2026-07-07,All,580100,249,556,45696,571537,16017282.780000549,12220043.760000281,766865.9900000158
2026-07-07,Lyft,162620,260,495,8287,159734,4317951.199999837,3333402.889999994,233365.06000000035
2026-07-07,Uber,417480,245,580,37409,411803,11699331.579999793,8886640.870000085,533500.9300000159
2026-07-08,All,609819,242,530,41286,601120,16684946.180002,12695358.200000713,798662.7099999444
2026-07-08,Lyft,168711,251,467,6518,165757,4483034.989999803,3425909.569999899,243330.62000000654
2026-07-08,Uber,441108,237,556,34768,435363,12201911.190001095,9269448.630000426,555332.0900000205
2026-07-09,All,671612,249,549,50935,662581,18245148.630002458,14178787.540000793,860537.1499999256
2026-07-09,Lyft,180148,257,485,8276,177311,4791321.169999721,3670190.06999991,256085.5400000052
2026-07-09,Uber,491464,246,574,42659,485270,13453827.460001115,10508597.47000064,604451.6100000185
2026-07-10,All,730009,252,553,56739,720842,19500002.520000108,15382191.720000576,890119.0200000228
2026-07-10,Lyft,199260,261,492,9703,196436,5378226.3799999785,4088036.5299999984,286531.7000000011
2026-07-10,Uber,530749,247,578,47036,524406,14121776.139999736,11294155.189999977,603587.3200000157
2026-07-11,All,781829,269,601,77689,776393,20294371.890002504,16055636.210001186,870916.3899999261
2026-07-11,Lyft,216496,276,527,13912,214847,5677352.349999912,4198209.249999896,291909.9400000098
2026-07-11,Uber,565333,266,630,63777,561546,14617019.540001588,11857426.960000591,579006.450000033
2026-07-12,All,683267,292,654,85235,677938,18629157.85999931,14581610.100000417,788999.1399999503
2026-07-12,Lyft,202675,296,561,15950,200980,5105462.5299999295,4031014.8399999156,259265.16000000737
2026-07-12,Uber,480592,290,696,69285,476958,13523695.329998856,10550595.260000395,529733.9800000266
2026-07-13,All,582980,256,581,52398,574091,16413520.019999739,12403396.830000525,763080.3600000197
2026-07-13,Lyft,149520,261,503,8277,146656,4138080.0199999837,3036266.370000005,222967.33999999752
2026-07-13,Uber,433460,254,609,44121,427435,12275439.99999991,9367130.46000005,540113.0200000078
2026-07-14,All,622225,252,556,48731,613655,17166072.650000323,12975644.08000035,851826.2699999319
2026-07-14,Lyft,154627,257,481,6657,151958,4125738.1799998414,3058226.769999916,232661.08000000764
2026-07-14,Uber,467598,250,583,42074,461697,13040334.469999915,9917417.310000429,619165.1900000167
2026-07-15,All,685587,269,611,70894,676666,19533948.99000097,14545094.43000051,971603.0299999648
2026-07-15,Lyft,170365,277,561,13757,167647,4671928.51999982,3346701.089999998,266139.530000005
2026-07-15,Uber,515222,266,627,57137,509019,14862020.470000371,11198393.340000553,705463.5000000292
2026-07-16,All,708834,263,588,66124,699676,20710657.810000367,15794533.460000303,1005877.2399999613
2026-07-16,Lyft,176158,268,517,10650,173470,4766703.179999934,3548233.859999983,265298.29000000295
2026-07-16,Uber,532676,262,612,55474,526206,15943954.630000457,12246299.600000419,740578.9500000235
2026-07-17,All,750861,271,602,74828,742322,20626586.90000115,16270682.260001171,916958.2899999087
2026-07-17,Lyft,193402,273,510,10540,190991,4867515.679999811,3686796.6399999037,251250.54000000778
2026-07-17,Uber,557459,270,636,64288,551331,15759071.220000377,12583885.620000677,665707.7500000038
2026-07-18,All,812092,280,633,93031,806774,20924855.960000526,16456899.250000263,904348.2799999339
2026-07-18,Lyft,202761,286,568,16922,201504,4863509.389999857,3588320.029999942,249933.42000000662
2026-07-18,Uber,609331,277,655,76109,605270,16061346.569999568,12868579.219999906,654414.8600000229
2026-07-19,All,684762,328,740,115034,679381,19611929.880000122,15210109.190000366,835994.9500000225
2026-07-19,Lyft,172606,318,613,18274,171384,4619498.189999988,3334514.20999997,239654.9199999983
2026-07-19,Uber,512156,333,783,96760,507997,14992431.690000147,11875594.980000041,596340.0300000128
2026-07-20,All,608901,281,633,69188,599454,18183866.620001014,13653611.880000552,848459.8299999309
2026-07-20,Lyft,148967,284,548,10627,146343,4054961.36999987,2996498.339999962,217618.22000000524
2026-07-20,Uber,459934,280,662,58561,453111,14128905.250000264,10657113.54000012,630841.6100000107
2026-07-21,All,617873,252,561,49814,608644,16782176.56000096,12711168.600000508,817546.3899999743
2026-07-21,Lyft,153324,262,499,8110,150612,3784454.2399998484,2881920.179999975,209295.04000000155
2026-07-21,Uber,464549,247,581,41704,458032,12997722.32000038,9829248.420000233,608251.3500000278
2026-07-22,All,638943,252,560,51273,629573,18631107.030001163,14009046.11000022,940403.9099999482
2026-07-22,Lyft,166629,263,495,8127,163770,4475437.719999996,3385495.689999966,250978.01000000464
2026-07-22,Uber,472314,248,585,43146,465803,14155669.310000718,10623550.42000015,689425.9000000122
2026-07-23,All,668440,253,555,52530,658885,19482997.010000356,14811623.930000737,959141.4199999049
2026-07-23,Lyft,181982,263,490,8437,179017,4959823.889999718,3761312.300000024,272747.22000000783
2026-07-23,Uber,486458,248,583,44093,479868,14523173.12000087,11050311.630000306,686394.1999999996
2026-07-24,All,727611,260,572,62584,718708,19815514.490000606,15630550.880000763,904766.4400000239
2026-07-24,Lyft,201343,273,509,10639,198572,5285765.539999818,4048866.389999934,272941.02000000153
2026-07-24,Uber,526268,254,600,51945,520136,14529748.949999912,11581684.490000075,631825.4200000218
2026-07-25,All,762258,276,617,81381,756790,20092602.690001186,16054481.120001022,865684.6599999531
2026-07-25,Lyft,209512,285,544,14755,207922,5461035.6200000895,4149087.079999884,279450.50000000733
2026-07-25,Uber,552746,271,647,66626,548868,14631567.07000031,11905394.040000519,586234.1600000272
2026-07-26,All,674051,302,691,95603,668992,18125475.42000046,14440485.270001201,772248.6699999366
2026-07-26,Lyft,184177,310,611,19241,182710,4939878.3099998785,3736754.5399999046,254327.34000000765
2026-07-26,Uber,489874,298,722,76362,486282,13185597.11000048,10703730.730000364,517921.33000002947
2026-07-27,All,602037,265,606,60721,593043,15904536.660000477,12498149.91000039,773914.8700000268
2026-07-27,Lyft,146437,273,527,9188,143746,3775059.499999947,2857824.7199999937,211772.6399999985
2026-07-27,Uber,455600,262,632,51533,449297,12129477.159999719,9640325.190000236,562142.2300000153
2026-07-28,All,618225,248,556,48514,608896,16874701.18000008,12748137.940000594,840469.7599999263
2026-07-28,Lyft,163015,258,493,8263,160278,4174849.029999848,3173174.4999999427,231404.47000000865
2026-07-28,Uber,455210,243,578,40251,448618,12699852.149999037,9574963.44000074,609065.2900000169
2026-07-29,All,650312,251,565,53909,640740,18839339.069999713,14140074.670000432,951672.0199999044
2026-07-29,Lyft,177458,264,511,10093,174560,4867404.029999905,3679344.9499999275,274787.2600000096
2026-07-29,Uber,472854,245,587,43816,466180,13971935.039999362,10460729.720000753,676884.7600000063
2026-07-30,All,699351,262,586,64524,689482,20652493.96000003,15659386.150000181,1002592.3600000034
2026-07-30,Lyft,201420,277,534,13304,198551,5666540.039999993,4329443.119999975,307336.3200000011
2026-07-30,Uber,497931,255,610,51220,490931,14985953.920000307,11329943.03000004,695256.0400000236
2026-07-31,All,740684,269,600,73147,731524,20458155.530000128,15838581.750001555,921138.5899998948
2026-07-31,Lyft,216042,283,538,14495,213399,5803936.729999864,4389123.739999923,297076.04000000743
2026-07-31,Uber,524642,262,630,58652,518125,14654218.799999066,11449458.010000685,624062.5500000085
2026-08-01,All,761826,293,654,94662,756072,20738330.96000077,16205055.800001733,892123.9999998913
2026-08-01,Lyft,231443,302,583,20746,229772,6210975.960000039,4671496.249999922,310083.32000001095
2026-08-01,Uber,530383,288,689,73916,526300,14527355.000000557,11533559.55000049,582040.6800000162
2026-08-02,All,675403,288,657,84486,670080,17998565.900001254,13969125.730000295,765168.2000000172
2026-08-02,Lyft,200838,296,573,16917,199269,5343311.669999756,4003501.8399999486,268752.5200000008
2026-08-02,Uber,474565,284,695,67569,470811,12655254.230000379,9965623.889999948,496415.68000000867
2026-08-03,All,625521,278,655,77189,616316,16844420.860001054,12689551.100001046,799806.9299999456
2026-08-03,Lyft,167875,279,563,13553,165307,4372438.179999889,3171625.679999953,237955.33000000962
2026-08-03,Uber,457646,277,688,63636,451009,12471982.68000016,9517925.420000603,561851.600000016
2026-08-04,All,606593,258,582,54474,597559,16926324.71000068,12823194.000000892,825022.8499999295
2026-08-04,Lyft,170528,266,504,8929,167675,4455781.549999931,3393396.489999955,244144.6100000075
2026-08-04,Uber,436065,253,614,45545,429884,12470543.160000322,9429797.510000508,580878.2400000197
2026-08-05,All,654359,256,574,56372,644879,18117482.120000567,13706985.080000026,882416.2299999837
2026-08-05,Lyft,185218,266,504,9710,182317,4764897.480000097,3638563.709999953,259714.1900000026
2026-08-05,Uber,469141,251,602,46662,462562,13352584.639999997,10068421.370000094,622702.0400000222
2026-08-06,All,697740,254,569,58824,688436,19450085.420000713,14821297.909999965,934317.7099998919
2026-08-06,Lyft,199556,266,501,10293,196687,5221455.210000092,3981377.3299999153,286614.94000000635
2026-08-06,Uber,498184,247,598,48531,491749,14228630.21000051,10839920.580000257,647702.7700000077
2026-08-07,All,777609,289,680,104356,768190,21337783.36000097,16609508.110000782,968132.7999999453
2026-08-07,Lyft,217858,296,610,22442,215218,5642879.929999903,4249999.08999996,302354.360000008
2026-08-07,Uber,559751,286,707,81914,552972,15694903.430000674,12359509.020000651,665778.4400000307
2026-08-08,All,760814,291,666,98229,754985,20137898.510000616,16169894.950000336,890992.140000026
2026-08-08,Lyft,212399,292,567,17396,210855,5344204.680000022,4139382.1499999836,287869.49000000034
2026-08-08,Uber,548415,291,706,80833,544130,14793693.830000237,12030512.799999928,603122.6500000197
2026-08-09,All,682739,311,721,106335,677683,17665576.40000106,14365121.85000037,757991.3599999598
2026-08-09,Lyft,171079,306,601,16967,169699,4322578.509999926,3323453.7399999416,241824.67000000598
2026-08-09,Uber,511660,313,759,89368,507984,13342997.890000919,11041668.109999835,516166.6900000175
2026-08-10,All,592815,268,628,65762,584105,15612932.120001066,12038686.880000554,732590.6999999674
2026-08-10,Lyft,153886,272,529,9908,151345,3854972.5799999675,2922538.0999999763,214568.19000000486
2026-08-10,Uber,438929,266,663,55854,432760,11757959.540000504,9116148.780000443,518022.5100000239
2026-08-11,All,582856,243,549,44519,574322,16005841.919999978,11946616.360000351,782283.2599999757
2026-08-11,Lyft,165046,253,470,6394,162455,4145302.480000104,3157696.35999993,225916.06000000425
2026-08-11,Uber,417810,239,584,38125,411867,11860539.439999826,8788920.000000136,556367.2000000208
2026-08-12,All,615407,246,554,47868,606409,17258714.060000513,12945014.660000322,827625.689999931
2026-08-12,Lyft,174118,255,475,7143,171355,4468567.189999981,3384943.4999999185,239940.2400000061
2026-08-12,Uber,441289,242,587,40725,435054,12790146.869999798,9560071.160000466,587685.450000008
2026-08-13,All,658042,246,555,51507,649180,18618697.270000115,14017007.570000134,867596.0200000224
2026-08-13,Lyft,187910,255,478,8000,185245,4936144.969999939,3728953.1599999517,255056.48999999816
2026-08-13,Uber,470132,242,587,43507,463935,13682552.299999867,10288054.410000103,612539.5300000168
2026-08-14,All,721187,255,575,63124,712684,19064251.570000976,14927670.330000183,837388.939999907
2026-08-14,Lyft,204915,265,499,10366,202478,5242594.809999975,4023263.0699999304,266901.2000000088
2026-08-14,Uber,516272,251,608,52758,510206,13821656.76000011,10904407.25999991,570487.7400000164
2026-08-15,All,755286,279,638,88108,750131,19524676.370000053,15733200.82999976,817936.339999913
2026-08-15,Lyft,208268,283,545,14811,206793,5361885.309999981,4145990.5399998594,273081.63000001066
2026-08-15,Uber,547018,277,677,73297,543338,14162791.060000293,11587210.289999727,544854.7100000244
2026-08-16,All,662477,283,648,80267,657839,17250698.34000017,13496984.100000309,700310.9800000167
2026-08-16,Lyft,191846,286,557,14841,190599,4955835.29999979,3786447.6200000215,243248.9399999979
2026-08-16,Uber,470631,280,686,65426,467240,12294863.039999917,9710536.480000068,457062.04000000656
2026-08-17,All,563126,255,598,54933,554907,15182772.240000268,11490491.669999916,703181.0999999734
2026-08-17,Lyft,154574,259,509,8936,152146,4007128.9799998896,2982175.7499999027,212345.3500000041
2026-08-17,Uber,408552,254,631,45997,402761,11175643.259999825,8508315.91999978,490835.75000001857
2026-08-18,All,585058,243,542,42388,576883,15839244.160000566,11917383.610000247,749884.2900000049
2026-08-18,Lyft,163494,247,470,6617,160944,4089451.8999999044,3083665.8600000087,216440.99000000162
2026-08-18,Uber,421564,241,571,35771,415939,11749792.260000087,8833717.750000183,533443.3000000184
2026-08-19,All,608546,240,535,42260,600029,16671010.13000064,12595255.470000362,794161.2699999268
2026-08-19,Lyft,170105,247,463,6567,167519,4297909.929999901,3266907.8699999386,231090.52000000648
2026-08-19,Uber,438441,237,563,35693,432510,12373100.200000046,9328347.60000039,563070.750000017
2026-08-20,All,717450,284,676,94543,708006,20829787.12000124,15631984.470000265,973746.2199998936
2026-08-20,Lyft,188373,288,651,22353,185843,4803376.389999889,3534537.8299999186,265758.17000000813
2026-08-20,Uber,529077,282,684,72190,522163,16026410.730000569,12097446.640000662,707988.0499999898
2026-08-21,All,690798,254,576,60748,682401,18712559.77000045,14828375.180000225,859036.6800000281
2026-08-21,Lyft,196985,262,504,11085,194503,5056059.32999989,3905732.1199999787,269690.43999999843
2026-08-21,Uber,493813,250,605,49663,487898,13656500.439999776,10922643.059999956,589346.2400000163
2026-08-22,All,730610,258,579,65206,725462,18538518.540000502,14885588.259999953,798557.029999935
2026-08-22,Lyft,207136,263,503,11147,205620,5098734.4900000505,3948530.6299999612,263552.53000000847
2026-08-22,Uber,523474,255,609,54059,519842,13439784.049999602,10937057.630000168,535004.5000000228
2026-08-23,All,642414,277,635,74084,637626,16922938.109999925,13318207.809999747,717641.82999995
2026-08-23,Lyft,188729,280,552,14380,187434,4755199.81999999,3631101.1299998825,246786.28000000698
2026-08-23,Uber,453685,275,669,59704,450192,12167738.290000224,9687106.679999944,470855.55000001634
2026-08-24,All,551952,247,566,45757,544085,14469995.590000475,11402164.760000132,675511.660000012
2026-08-24,Lyft,142098,248,473,6183,139733,3558874.199999986,2716429.309999997,198018.8599999979
2026-08-24,Uber,409854,246,596,39574,404352,10911121.390000267,8685735.44999994,477492.8000000083
2026-08-25,All,557910,238,538,40097,550095,15109507.620000066,11680715.200000614,718078.449999952
2026-08-25,Lyft,148778,243,454,5423,146341,3721133.119999924,2840966.079999969,205258.4100000048
2026-08-25,Uber,409132,236,570,34674,403754,11388374.49999974,8839749.120000139,512820.04000001913
2026-08-26,All,596474,236,531,40755,588386,16325981.560000107,12578006.240000237,769367.7500000179
2026-08-26,Lyft,161350,243,454,5829,158795,4105888.0099999583,3119273.730000017,222908.53999999762
2026-08-26,Uber,435124,233,560,34926,429591,12220093.550000016,9458732.509999989,546459.210000011
2026-08-27,All,682447,248,567,57066,673709,18413097.879999984,14232970.569999648,860206.3699999287
2026-08-27,Lyft,180019,254,492,9007,177500,4561695.149999799,3434105.769999915,250414.59000000713
2026-08-27,Uber,502428,245,594,48059,496209,13851402.7299996,10798864.800000237,609791.7800000021
2026-08-28,All,715265,254,573,61999,706867,19411309.57000021,15284285.010000095,892766.4799999177
2026-08-28,Lyft,195895,262,501,10450,193451,5112220.559999954,3917689.6899999278,277846.2400000083
2026-08-28,Uber,519370,250,601,51549,513416,14299089.009999808,11366595.32000005,614920.2400000175
2026-08-29,All,763331,273,617,81533,758312,19945740.600000754,16036518.240000315,860533.7100000225
2026-08-29,Lyft,209032,276,535,14226,207578,5371782.929999916,4135668.269999979,282192.67999999865
2026-08-29,Uber,554299,271,648,67307,550734,14573957.670000445,11900849.96999998,578341.030000011
2026-08-30,All,670017,281,638,78150,665033,17860244.71000078,14070688.55000021,762825.2899999387
2026-08-30,Lyft,192367,283,559,15147,190902,4984189.569999861,3791630.489999963,260321.36000000767
2026-08-30,Uber,477650,280,669,63003,474131,12876055.140000151,10279058.060000239,502503.9300000165
2026-08-31,All,587408,252,581,52823,579197,15700347.020000402,12288437.880000234,746062.3799999676
2026-08-31,Lyft,151704,256,500,8205,149293,3920208.369999887,2963548.399999983,218330.890000005
2026-08-31,Uber,435704,249,609,44618,429904,11780138.650000218,9324889.479999904,527731.49000002
